minute_of_day,baseline,delay_p3_peak,redistribute,v2g
0,207511.59372051185,207511.59372051185,207511.59372051185,190442.9409677816
5,223420.60589476454,223420.60589476454,178536.89354948665,205604.44917011412
10,212013.3034831683,212013.3034831683,211012.61978224418,194510.17083926883
15,203850.1208946806,204395.67513490733,203850.1208946806,203850.1208946806
20,207779.45324741688,207779.45324741688,172093.51506831136,190249.25616770334
25,204999.72716694773,204999.72716694773,204999.72716694773,204999.72716694773
30,198722.80064526034,204368.5555458281,195542.24703908086,198722.80064526034
35,201476.60415661754,204557.55849842448,197434.0397516946,201476.60415661754
40,200965.0911067373,204361.401394151,199677.0723610404,200965.0911067373
45,192167.93433399402,204214.14718995616,160962.35608399563,192167.93433399402
50,193139.41482890284,204235.79903408364,191499.56501731064,193139.41482890284
55,195505.4372222332,204362.6056230322,191271.5997769468,195505.4372222332
60,206701.8504637199,206701.8504637199,196884.8917562989,206701.8504637199
65,204581.11641771044,204581.11641771044,188790.5879283862,204581.11641771044
70,194550.45882304452,204364.8178523158,188790.45377251212,194550.45882304452
75,183316.39040150435,204373.98029963116,188786.3439381619,183316.39040150435
80,190479.3483444461,204360.21851822178,188781.55140710718,190479.3483444461
85,184797.5422946473,204553.13619544415,188620.2813076929,184797.5422946473
90,191733.38760855154,204569.33606589196,188836.76170354744,191733.38760855154
95,207158.0694022054,207158.0694022054,190855.21779852328,192150.05460432058
100,197839.94620155665,204269.58084171443,188785.51830962818,197839.94620155665
105,189395.43665974753,204372.30089576961,188764.89684720748,189395.43665974753
110,192319.55293370975,204210.8025909048,188720.006456313,192319.55293370975
115,189670.7304500308,204367.65110107433,188610.2283007661,189670.7304500308
120,185614.2406272219,204567.42273865524,188672.21865532533,185614.2406272219
125,188444.14843936462,204357.02334812903,188633.763715899,188444.14843936462
130,194792.40772437322,204348.7216377155,188672.47345266838,194792.40772437322
135,186808.9609923371,204242.87543669692,188673.90730241832,186808.9609923371
140,183209.0847712045,204375.06685871992,188794.0825716787,183209.0847712045
145,182746.30802112064,204349.7636607641,188783.40029877133,182746.30802112064
150,193538.16068359194,204358.34876269283,188775.09300810282,193538.16068359194
155,184180.61747996797,204559.0292425656,188813.0733270503,184180.61747996797
160,170395.49024135058,204555.16121869927,188787.42384997176,170395.49024135058
165,158273.12251587058,204241.95586719082,188817.73551815125,158273.12251587058
170,165069.66836975506,204358.0462193712,188681.3464713061,165069.66836975506
175,152367.9263487519,204357.6229444688,188635.23089925092,152367.9263487519
180,147181.75755996245,204353.83885936605,188791.44079574166,147181.75755996245
185,144082.26035758347,204361.09463947747,188789.16954018074,144082.26035758347
190,141370.15110420575,204570.1548353385,188617.1113654708,141370.15110420575
195,139119.39734282016,204560.03053246113,188772.4852754764,139119.39734282016
200,136533.35108709437,204367.63118616852,188793.17470950022,136533.35108709437
205,134194.93234798755,204373.5815319999,188825.496410186,134194.93234798755
210,133110.39226878196,204569.93800059744,188791.77612493816,133110.39226878196
215,133351.58623490925,204214.8900019553,188792.97527043705,133351.58623490925
220,137680.49045926944,204354.31662222891,188749.5608231474,137680.49045926944
225,137121.81400593527,204344.28515489327,188825.4204988158,137121.81400593527
230,133551.8866348292,204555.7207065169,188829.9407799699,133551.8866348292
235,127439.11698455438,204357.67144654988,188796.23207904422,127439.11698455438
240,120866.70627056551,204560.5151925266,188781.28998573005,120866.70627056551
245,114323.35427377633,204356.79693012062,188792.40631683427,114323.35427377633
250,109820.06287101255,204554.76219393904,188795.98877325797,109820.06287101255
255,106464.72821862178,204356.0406367768,188804.07402773344,106464.72821862178
260,103009.54718007034,204204.24760556547,188776.867348279,103009.54718007034
265,99825.20372059607,204257.07408085125,188775.78458041768,99825.20372059607
270,97282.18722470065,204583.51371741074,188831.1526006181,97282.18722470065
275,94614.74523127198,204467.0821752815,188784.55805925804,94614.74523127198
280,92056.01250682668,204398.46829387278,188730.49980420366,92056.01250682668
285,90176.99064126365,204276.92537577942,188774.13400900012,90176.99064126365
290,88120.64399017536,204373.88902316176,188817.95690307632,88120.64399017536
295,86105.03957578872,204583.79539944875,188634.41559228132,86105.03957578872
300,84439.92815668398,204574.57775995223,84439.92815668398,84439.92815668398
305,82369.5460320763,204359.6231239196,82369.5460320763,82369.5460320763
310,80668.4493440326,204362.820055566,80668.4493440326,80668.4493440326
315,78651.36465742302,204256.34533062694,78651.36465742302,78651.36465742302
320,77398.53073309084,204221.64169199258,77398.53073309084,77398.53073309084
325,76207.76832835407,204540.50052020742,76207.76832835407,76207.76832835407
330,74671.45937062462,204555.42260373718,74671.45937062462,74671.45937062462
335,73388.3261290763,204536.3177672012,73388.3261290763,73388.3261290763
340,71697.58544719189,204361.2080131908,71697.58544719189,71697.58544719189
345,70282.02653315401,204369.1234714421,70282.02653315401,70282.02653315401
350,69074.1299953663,204358.08952823025,69074.1299953663,69074.1299953663
355,67745.58829187471,204356.93270766336,67745.58829187471,67745.58829187471
360,66391.28686488487,204365.31001916944,66391.28686488487,66391.28686488487
365,65360.495457629724,204366.72516608096,65360.495457629724,65360.495457629724
370,64720.19106632287,204361.67142373644,64720.19106632287,64720.19106632287
375,63917.36662149364,204362.52388440282,63917.36662149364,63917.36662149364
380,63941.355733186225,204366.18964329056,63941.355733186225,63941.355733186225
385,63657.639847965445,204372.92173332203,63657.639847965445,63657.639847965445
390,62638.31472828271,204359.5420270885,62638.31472828271,62638.31472828271
395,62515.871492578044,204366.27995518743,62515.871492578044,62515.871492578044
400,62414.98032463587,204374.15493093486,62414.98032463587,62414.98032463587
405,62108.080414257405,204362.63598938,62108.080414257405,62108.080414257405
410,62024.79427828588,204370.17644335498,62024.79427828588,62024.79427828588
415,61548.30746369188,204361.06296957325,61548.30746369188,61548.30746369188
420,61118.89749776238,35186.286882788416,61118.89749776238,61118.89749776238
425,61230.278635966155,34677.58218471768,61230.278635966155,61230.278635966155
430,61649.047591995026,34079.98769043238,61649.047591995026,61649.047591995026
435,61774.672645671424,33845.96668894248,61774.672645671424,61774.672645671424
440,64740.4067114473,33453.93038001056,64740.4067114473,64740.4067114473
445,65645.3249225615,32736.92263888306,65645.3249225615,65645.3249225615
450,66108.44029603677,32749.06279266375,66108.44029603677,66108.44029603677
455,69056.79330615104,32643.73311038192,69056.79330615104,69056.79330615104
460,70865.11492760884,32259.335292487183,70865.11492760884,70865.11492760884
465,70621.44374092069,32588.05282591172,70621.44374092069,70621.44374092069
470,74321.53178030773,32945.49843126984,74321.53178030773,74321.53178030773
475,78175.06933770761,33140.007341786484,78175.06933770761,78175.06933770761
480,77418.34685855963,33100.67447155617,77418.34685855963,77418.34685855963
485,83165.71745084593,32945.087830452314,83165.71745084593,83165.71745084593
490,86473.23790440106,32938.38067198256,86473.23790440106,86473.23790440106
495,87996.70468406436,33979.93092921036,87996.70468406436,87996.70468406436
500,91082.46199258648,34922.8264086677,91082.46199258648,91082.46199258648
505,92749.05929957847,35659.804475716126,92749.05929957847,92749.05929957847
510,93634.82771121046,36978.917997508535,93634.82771121046,93634.82771121046
515,97994.39648652164,37539.266665504765,97994.39648652164,97994.39648652164
520,100956.67725767051,38392.35756992206,100956.67725767051,100956.67725767051
525,101994.80498636929,39871.72927615903,101994.80498636929,101994.80498636929
530,106921.2874260383,40707.53780025385,106921.2874260383,106921.2874260383
535,107542.45582887196,41499.73560556736,101832.96156632838,107542.45582887196
540,108743.11093430579,43352.61911966851,108743.11093430579,108743.11093430579
545,113683.52240249295,44152.21640547335,113683.52240249295,113683.52240249295
550,116324.01448756026,45826.85925606645,116324.01448756026,116324.01448756026
555,121894.80704162014,47637.63601951745,115290.65571612306,121894.80704162014
560,128036.69759424389,48941.30279136441,128036.69759424389,128036.69759424389
565,131105.25014498198,51462.46101020666,131071.38811822688,131105.25014498198
570,137426.5578284681,52825.46692017216,135875.7516188873,137426.5578284681
575,142613.26139139183,54409.806228724905,142404.55031443504,142613.26139139183
580,145180.5493843633,56651.412028191975,139430.65835871827,145180.5493843633
585,152532.52934947272,59081.212463725475,140535.67555605285,152532.52934947272
590,158459.01599843442,60762.50002550187,158148.97521651592,158459.01599843442
595,160397.70568259282,63446.70567113362,111679.82771776347,160397.70568259282
600,166447.82703940204,204560.55018794475,157698.33271443244,166447.82703940204
605,172375.82451571824,204355.23125529644,171085.6469366065,172375.82451571824
610,173155.33147805417,204368.95234085736,158046.60325090273,173155.33147805417
615,181254.9334136994,204372.82643302626,180533.88573327265,181254.9334136994
620,186333.2970490073,204551.48285491424,127792.05639577005,186333.2970490073
625,187790.74800706573,204358.61577394552,132664.68417600146,187790.74800706573
630,191241.98439252138,204555.97171147374,174494.91832186835,191241.98439252138
635,196627.02473103083,204567.70961556712,116177.37971050177,196627.02473103083
640,194601.5926852077,204331.38157209154,184074.0573772418,194601.5926852077
645,201861.91938691938,204211.78223754256,100645.74734058672,201861.91938691938
650,203030.08093829348,204550.9242041611,201611.62383132082,203030.08093829348
655,200208.60747762586,204583.96877849306,199756.2309448522,200208.60747762586
660,206762.89630592766,206762.89630592766,200691.0133993976,206762.89630592766
665,204949.62478614494,204949.62478614494,197625.47013584798,204949.62478614494
670,201763.35211984642,204552.90437680518,120541.4760721776,201763.35211984642
675,207119.36581550102,207119.36581550102,201311.9607314034,183889.31867070505
680,205714.7636819299,205714.7636819299,191840.04423974748,205714.7636819299
685,202351.73527761106,204357.3819502293,200720.8358642135,202351.73527761106
690,207018.57988251024,207018.57988251024,204211.9272832366,207018.57988251024
695,206617.18797622257,206617.18797622257,204609.88040564084,206617.18797622257
700,202602.60980482597,204375.28493636436,178939.64114527788,202602.60980482597
705,207149.79606843536,207149.79606843536,198689.0306849101,184359.9400794062
710,205644.4414856188,205644.4414856188,120941.78531680659,205644.4414856188
715,200816.64039601907,204349.25544192817,200816.64039601907,200816.64039601907
720,204684.0477457748,204684.0477457748,186331.4791058016,204684.0477457748
725,202867.49422362255,204487.22601042932,202867.49422362255,202867.49422362255
730,198405.86673596807,204374.98727681095,175458.244195503,198405.86673596807
735,204422.03183126266,204422.03183126266,152368.5765043858,204422.03183126266
740,201258.52032707605,204442.8788950346,201258.52032707605,201258.52032707605
745,197781.19513583154,204246.04712692654,188991.41165091476,197781.19513583154
750,200494.45357260012,204336.45559576593,189078.92363766654,200494.45357260012
755,197723.11609875827,204236.70401785863,195064.17563250315,197723.11609875827
760,193493.98430270047,204358.82475424124,147829.60038330292,193493.98430270047
765,195214.75151238448,204375.93249128104,195214.75151238448,195214.75151238448
770,194753.5271814598,204361.85248000282,194753.5271814598,194753.5271814598
775,190283.1344351188,204364.27879772818,190283.1344351188,190283.1344351188
780,194165.570329963,204359.59955083835,194165.570329963,194165.570329963
785,192808.0591984146,204243.84512545326,146263.3449960186,192808.0591984146
790,187093.00986050908,204229.67094862033,187093.00986050908,187093.00986050908
795,193741.30518577746,204362.39936819422,190987.8262178977,193741.30518577746
800,192487.48014596847,204215.4928627386,191681.45686132152,192487.48014596847
805,186841.8141102567,204540.9523033679,186841.8141102567,186841.8141102567
810,190323.32835803428,204365.13409677887,146680.47504463972,190323.32835803428
815,189095.45612496271,204357.4340597462,189095.45612496271,189095.45612496271
820,185005.401434726,204558.22400634093,185005.401434726,185005.401434726
825,188823.2813708417,204340.72806862023,188823.2813708417,188823.2813708417
830,186852.4508624715,204575.73104392772,186852.4508624715,186852.4508624715
835,181110.5091404701,204359.17220350963,181110.5091404701,181110.5091404701
840,186572.92280284598,204201.66120985552,186572.92280284598,186572.92280284598
845,185724.9630447039,204570.02411513872,185724.9630447039,185724.9630447039
850,182828.50519993439,204371.97711261094,182828.50519993439,182828.50519993439
855,184196.5498232321,204554.1258264323,184196.5498232321,184196.5498232321
860,182439.56100574456,204350.4393893115,182439.56100574456,182439.56100574456
865,178532.71444040752,204536.92974552864,178532.71444040752,178532.71444040752
870,182590.3454858584,204365.49084733654,182590.3454858584,182590.3454858584
875,180343.3500908941,204358.6437968287,180343.3500908941,180343.3500908941
880,176866.3087909396,204556.43592039266,176866.3087909396,176866.3087909396
885,180385.23723091482,204357.01143722615,180385.23723091482,180385.23723091482
890,178930.8086193671,204220.19530821263,178930.8086193671,178930.8086193671
895,175277.9887518776,204369.5943350263,175277.9887518776,175277.9887518776
900,177729.91640372755,204568.3690562036,177729.91640372755,177729.91640372755
905,175144.70467588125,204352.17074423376,175144.70467588125,175144.70467588125
910,172111.90885117042,204528.35241352068,172111.90885117042,172111.90885117042
915,176079.74204112403,204575.68397151746,176079.74204112403,176079.74204112403
920,176066.0317904252,204215.70182706145,176066.0317904252,176066.0317904252
925,173463.3602388983,204564.1055044179,173463.3602388983,173463.3602388983
930,177266.43408595386,204570.11385467034,177266.43408595386,177266.43408595386
935,176284.34272159,204555.67584998242,176284.34272159,176284.34272159
940,171410.75804310627,204218.53442129644,171410.75804310627,171410.75804310627
945,176703.45666337147,204551.82015959342,176703.45666337147,176703.45666337147
950,175909.9846945896,204561.73745094214,175909.9846945896,175909.9846945896
955,172371.67798445668,204369.10981221995,172371.67798445668,172371.67798445668
960,178547.52742176887,204213.91176519345,178547.52742176887,178547.52742176887
965,177780.90392341063,204572.00516585924,177780.90392341063,177780.90392341063
970,174846.3254067372,204328.69684527226,174846.3254067372,174846.3254067372
975,178716.4841387801,204210.2001142194,178716.4841387801,178716.4841387801
980,176199.7270388451,204560.52086008893,176199.7270388451,176199.7270388451
985,174414.245773333,204373.952055948,174414.245773333,174414.245773333
990,178633.18696271963,204549.0904117564,178633.18696271963,178633.18696271963
995,177996.98203387862,204568.5857506921,177996.98203387862,177996.98203387862
1000,173432.64793316222,204577.03350245644,173432.64793316222,173432.64793316222
1005,176136.33122943164,204553.4620518837,176136.33122943164,176136.33122943164
1010,174502.58867539818,204353.39187982096,174502.58867539818,174502.58867539818
1015,172073.35595250715,204571.66496618715,172073.35595250715,172073.35595250715
1020,174362.62832313735,68506.3763713098,174362.62832313735,174362.62832313735
1025,175639.36521395925,67780.87591398989,175639.36521395925,175639.36521395925
1030,173350.3968801381,67475.19287453605,173350.3968801381,173350.3968801381
1035,173223.97296725592,67575.1342302532,173223.97296725592,173223.97296725592
1040,175557.3474945613,66600.33129393736,175557.3474945613,175557.3474945613
1045,174942.54185944927,66974.33956505262,174942.54185944927,174942.54185944927
1050,175437.77979131008,67721.71674935761,175437.77979131008,175437.77979131008
1055,175617.6772191686,67783.03061242792,175617.6772191686,175617.6772191686
1060,173206.26341714986,67528.34050243872,173206.26341714986,173206.26341714986
1065,173086.05944519112,67845.56600870832,173086.05944519112,173086.05944519112
1070,174746.1199021362,67918.60917235103,174746.1199021362,174746.1199021362
1075,173331.01891332425,68214.29648092242,173331.01891332425,173331.01891332425
1080,173570.95954772353,68874.35339778555,173570.95954772353,173570.95954772353
1085,176219.1533372899,68774.35178213181,176219.1533372899,176219.1533372899
1090,173169.99498884933,69214.06164979303,173169.99498884933,173169.99498884933
1095,174200.33720053732,69821.6334952699,174200.33720053732,174200.33720053732
1100,176412.39581435177,69512.87225102058,176412.39581435177,176412.39581435177
1105,174663.19862340213,69756.90505262799,174663.19862340213,174663.19862340213
1110,174185.82988914018,70222.94043552963,174185.82988914018,174185.82988914018
1115,176712.514034238,70938.86456086638,176712.514034238,176712.514034238
1120,174801.80408143988,70532.63347916199,174801.80408143988,174801.80408143988
1125,171163.66116773084,71537.33750201135,171163.66116773084,171163.66116773084
1130,175021.49753885838,71437.07675330124,175021.49753885838,175021.49753885838
1135,174751.19952193552,70974.44811160088,174751.19952193552,174751.19952193552
1140,171361.22317119545,72370.38801449731,171361.22317119545,171361.22317119545
1145,174391.5918305013,72863.15994708904,174391.5918305013,174391.5918305013
1150,173621.55428817144,72384.85832158195,173621.55428817144,173621.55428817144
1155,173969.3946934375,74665.51250095258,173969.3946934375,173969.3946934375
1160,180616.374186032,75893.02926999165,180616.374186032,180616.374186032
1165,182309.0019691415,75561.7375406678,181713.66732927796,182309.0019691415
1170,178867.48030250645,76829.18252383682,178867.48030250645,178867.48030250645
1175,183719.58804741025,77460.83172938436,178676.77424657214,183719.58804741025
1180,184718.51123855382,77309.38587875552,184718.51123855382,184718.51123855382
1185,182529.05148018003,79042.61674609574,182529.05148018003,182529.05148018003
1190,187962.97466824343,79043.59112678736,187962.97466824343,187962.97466824343
1195,188494.17615553393,78510.53586576792,182315.41074074616,188494.17615553393
1200,186905.85083402455,80931.88103664925,183937.02936333124,186905.85083402455
1205,195256.27607751338,82114.71879538195,194821.05810544587,195256.27607751338
1210,194900.16188015052,82123.77106457183,182929.82433605328,194900.16188015052
1215,192736.17786838315,84482.3062912497,192736.17786838315,192736.17786838315
1220,200845.77782749946,85193.14016821628,194491.64351143234,200845.77782749946
1225,201481.73534264986,84929.15419836296,201481.73534264986,201481.73534264986
1230,200007.79208568294,87538.97419073005,143467.36684016182,200007.79208568294
1235,205227.06748312342,87627.79287418873,188178.6478984891,205227.06748312342
1240,204611.7793154796,87740.56481858267,191104.52975473428,204611.7793154796
1245,202430.5107310167,89840.42333840454,177035.9413532757,202430.5107310167
1250,207971.80422197698,90138.80752694959,179510.71781106872,188535.8802797069
1255,208430.74396944942,89702.03443882926,201575.46791514842,188925.67782416407
1260,204878.3486014245,204878.3486014245,149737.6562469253,204878.3486014245
1265,211039.5002498165,211039.5002498165,204799.9814513155,191347.95442595732
1270,211229.78031642592,211229.78031642592,150706.63578418124,191547.28913352237
1275,208538.7946329296,208538.7946329296,154957.2637902242,189335.8857343134
1280,213535.3667519237,213535.3667519237,206144.95783064913,193698.84512987558
1285,213157.856805392,213157.856805392,205751.5096100202,193388.57765485096
1290,209473.81170088775,209473.81170088775,190400.0816602361,190335.3241101604
1295,212228.48885625467,212228.48885625467,192485.78452132703,192803.17370941534
1300,211211.9508279375,211211.9508279375,208462.0331031953,191971.07071236902
1305,209106.74955564865,209106.74955564865,207637.75425597883,190229.7449836688
1310,213170.29627763282,213170.29627763282,202389.0040596785,193789.43203750617
1315,212801.09055327444,212801.09055327444,162051.07841886903,193481.9314176314
1320,208814.58184125074,208814.58184125074,196718.0850824771,190116.82112743825
1325,213698.36359484284,213698.36359484284,188762.5935573393,194351.198977403
1330,212895.0689803448,212895.0689803448,208306.69422493802,193668.53659975182
1335,208895.68004568154,208895.68004568154,205801.06553909535,190322.58609532408
1340,212407.5190742971,212407.5190742971,188792.38217423327,193401.32962515624
1345,208932.238047942,208932.238047942,188782.432437723,190341.89764319584
1350,203917.10424428768,204446.52964653162,188634.19012903154,203917.10424428768
1355,208858.76374998735,208858.76374998735,208858.76374998735,190388.4005081106
1360,207285.03356727838,207285.03356727838,202418.49589360142,189041.8985228426
1365,204809.59770304358,204809.59770304358,188634.0025238757,204809.59770304358
1370,207599.84416693385,207599.84416693385,188773.14315046812,189402.38771458488
1375,205699.15943932332,205699.15943932332,188824.73514209464,205699.15943932332
1380,200794.76185998644,204360.78499222777,192340.4558499348,200794.76185998644
1385,205277.91397144986,205277.91397144986,199865.34755313458,205277.91397144986
1390,205107.66172454873,205107.66172454873,200096.98649715458,205107.66172454873
1395,201717.79856659978,204578.3189324092,196602.07355789276,201717.79856659978
1400,204364.76360469864,204364.76360469864,188742.7582491237,204364.76360469864
1405,203738.7170319379,204360.64387334863,199668.86611938104,203738.7170319379
1410,201736.11252198485,204576.37877147467,201736.11252198485,201736.11252198485
1415,203513.77528847478,204254.658947321,203513.77528847478,203513.77528847478
1420,201213.2081824368,204402.59358460543,200232.57561687342,201213.2081824368
1425,197590.82434467247,204570.94909153786,192234.4111927907,197590.82434467247
1430,200842.67405680567,204366.06294028633,199356.7266123568,200842.67405680567
1435,202626.16325351933,204360.35358018626,197178.39736999245,202626.16325351933
