cluster_id,t,q25,q50,q75,Type
0,0,1.471523116935383,4.166680792515928,11.101545772769235,Weekday
0,1,1.4000853300094604,3.9114514047449287,10.098092251880601,Weekday
0,2,1.1944163468751041,3.366752180186185,8.63998688080094,Weekday
0,3,0.9389851906082847,2.740662076256492,7.058100085366856,Weekday
0,4,0.662550075487657,2.0807455561377783,5.4617497534914445,Weekday
0,5,0.4425669420849193,1.5033190250396729,4.170061057264155,Weekday
0,6,0.2653037418018688,1.0134780623696067,3.018906593322754,Weekday
0,7,0.1175119118257002,0.6037458614869551,2.1437108381228014,Weekday
0,8,0.0,0.4200635769150473,1.7287937836213545,Weekday
0,9,0.0,0.2956760579889471,1.6288324973799966,Weekday
0,10,0.0,0.301045222715898,1.704516286199743,Weekday
0,11,0.0,0.3949702490459789,1.9579393376003613,Weekday
0,12,0.0,0.4570269584655761,2.153025123206052,Weekday
0,13,0.0,0.4468147294087843,2.077646789225665,Weekday
0,14,0.0,0.3876671574332497,1.8664226667447523,Weekday
0,15,0.0,0.3550835685296492,1.7562975016507236,Weekday
0,16,0.0,0.4055815718390725,1.8587264838543804,Weekday
0,17,0.06733646717938505,0.555908896706321,2.3078664487058465,Weekday
0,18,0.15796649456024164,0.8345870538191362,2.9774472388354214,Weekday
0,19,0.2842113863338124,1.2080664851448752,3.9304587353359572,Weekday
0,20,0.5131193832917647,1.7594657161019065,5.124644962224093,Weekday
0,21,0.7994442744688555,2.489136105233973,6.764579955149781,Weekday
0,22,1.0900984027168967,3.231143908067183,8.5337207574736,Weekday
0,23,1.3051768324591895,3.664611946452748,9.624442105943508,Weekday
0,0,1.9412828348577023,5.223763406276703,13.292936138808727,Weekend/holiday
0,1,1.8214295357465744,4.952985681593418,12.462525002658367,Weekend/holiday
0,2,1.5425793826580048,4.300937943160534,10.784738838672638,Weekend/holiday
0,3,1.2187657952308655,3.4448839128017426,9.024555195122957,Weekend/holiday
0,4,0.8043038547039032,2.6552006006240845,7.15999186784029,Weekend/holiday
0,5,0.6334491968154907,1.9514022469520569,5.510743096470833,Weekend/holiday
0,6,0.316967710852623,1.325015276670456,4.068970615044236,Weekend/holiday
0,7,0.0,0.7812680602073669,2.921522468328476,Weekend/holiday
0,8,0.0,0.6181027293205261,2.1435350626707077,Weekend/holiday
0,9,0.0,0.3945440649986267,1.7483283206820488,Weekend/holiday
0,10,0.0,0.3687319159507751,1.6875854656100273,Weekend/holiday
0,11,0.0,0.4099860191345215,1.9393181800842285,Weekend/holiday
0,12,0.0,0.5133697390556335,2.1842937916517258,Weekend/holiday
0,13,0.0,0.5150254219770432,2.234400436282158,Weekend/holiday
0,14,0.0,0.4702791422605514,2.170156866312027,Weekend/holiday
0,15,0.0,0.5017311573028564,2.1732897609472275,Weekend/holiday
0,16,0.0,0.6242248117923737,2.310920760035515,Weekend/holiday
0,17,0.0,0.7451539039611816,2.8686212301254272,Weekend/holiday
0,18,0.0,1.049562394618988,3.55026463419199,Weekend/holiday
0,19,0.33095044642686844,1.501664638519287,4.521050423383713,Weekend/holiday
0,20,0.6876366809010506,2.143368273973465,5.956151857972145,Weekend/holiday
0,21,1.002673700451851,3.0090284794569016,8.072350427508354,Weekend/holiday
0,22,1.4651083648204803,4.01515543460846,10.529259264469147,Weekend/holiday
0,23,1.626255288720131,4.504971742630005,11.754948236048222,Weekend/holiday
1,0,1.76697530800646,7.0881290547549725,26.25586452843113,Weekday
1,1,1.4187265112996101,5.649816429496489,20.402273429388348,Weekday
1,2,1.0845300379124556,4.465874812819742,15.436417082493957,Weekday
1,3,0.8105619658123363,3.4616153131831773,12.095181169835005,Weekday
1,4,0.5732873515649275,2.786041389812123,9.64864354106513,Weekday
1,5,0.4292300099676305,2.3323770334774796,9.414576837962324,Weekday
1,6,0.33303246714852075,2.1867136250842703,11.00835355032574,Weekday
1,7,0.3508021973750808,2.482393519444899,14.281012306159193,Weekday
1,8,0.47251406718384137,3.235888237302954,18.321952989155598,Weekday
1,9,0.5556919899853793,3.8912261697379025,23.63429107517004,Weekday
1,10,0.7173544358123433,4.339916408965082,27.738251916386865,Weekday
1,11,0.8950674357739362,5.1939173151146285,31.500623148950663,Weekday
1,12,1.0370156602426008,5.476447855884379,35.24773913080042,Weekday
1,13,1.0373432155359874,5.359339300881732,32.74206072769382,Weekday
1,14,0.9681909734552556,4.901231865991246,30.317769624970175,Weekday
1,15,0.9847378148273989,4.88748100399971,31.647912406108595,Weekday
1,16,1.1708315152562025,5.455800817771391,34.634587432398945,Weekday
1,17,1.4918027913028544,6.426559096032923,32.3901561471549,Weekday
1,18,1.8066376881165935,7.277352059429342,33.388399113308296,Weekday
1,19,2.0575966662303973,8.343019390648061,37.27349114358764,Weekday
1,20,2.184460684657097,8.862401404164054,38.58498711748557,Weekday
1,21,2.267085246064446,8.959475631063636,35.79242957722057,Weekday
1,22,2.2288299040360884,8.469920101490889,33.648272867004074,Weekday
1,23,2.025525775822726,7.831301708113063,30.749931371347472,Weekday
1,0,1.8817489594221115,8.173532386620838,32.80831294134259,Weekend/holiday
1,1,1.5028203576803207,6.616225868463516,25.599784068763256,Weekend/holiday
1,2,1.1225648075342178,5.134554013609886,19.483820997178555,Weekend/holiday
1,3,0.7821139059960842,4.014987800270319,15.070402950048445,Weekend/holiday
1,4,0.6519503518939018,3.2230810672044754,12.34145184699446,Weekend/holiday
1,5,0.41361492872238154,2.6185511127114296,11.254238136112692,Weekend/holiday
1,6,0.337212435901165,2.28636234998703,12.800638616085052,Weekend/holiday
1,7,0.322104062885046,2.3338402956724167,14.659735891968012,Weekend/holiday
1,8,0.42325812578201294,2.796986438333988,18.69777088612318,Weekend/holiday
1,9,0.6508570685982704,3.431508891284466,24.208507530391216,Weekend/holiday
1,10,0.7617310732603073,4.199823327362537,28.54495588690043,Weekend/holiday
1,11,0.9897921793162823,5.149119056761265,33.70147164165974,Weekend/holiday
1,12,1.1941891834139824,5.7551673874258995,36.1944375783205,Weekend/holiday
1,13,1.3314737379550934,5.99512292444706,36.08318883925676,Weekend/holiday
1,14,1.357382781803608,6.039798773825169,35.847788881510496,Weekend/holiday
1,15,1.4200224680826068,6.213161885738373,40.84765148162842,Weekend/holiday
1,16,1.5606548357754946,6.895077382524808,44.3655560426414,Weekend/holiday
1,17,1.9416781067848206,8.025623317807913,42.67517825961113,Weekend/holiday
1,18,2.1702126935124393,8.760507598519325,41.14691459853202,Weekend/holiday
1,19,2.2694329991936684,9.181618854403496,43.030558820813894,Weekend/holiday
1,20,2.4593390040099625,9.633978147059679,42.483994111418724,Weekend/holiday
1,21,2.5314870476722717,9.877072259783745,40.83827979490161,Weekend/holiday
1,22,2.415358819067478,9.794266313314438,40.2475323267281,Weekend/holiday
1,23,2.1737820506095886,8.922256351448596,36.69349651038647,Weekend/holiday
2,0,0.0,0.5618238665840842,2.675102301619269,Weekday
2,1,0.0,0.4339275685223666,2.123186880891973,Weekday
2,2,0.0,0.2962985147129405,1.6887944774194197,Weekday
2,3,0.0,0.2429185672239824,1.2977383136749268,Weekday
2,4,0.0,0.1442234082655473,1.026566852222789,Weekday
2,5,0.0,0.1189959807829423,0.9177434119311246,Weekday
2,6,0.0,0.128325343132019,1.1062320254065774,Weekday
2,7,0.0,0.2841718847101385,2.042238408868963,Weekday
2,8,0.0,0.6852028911763971,3.463694114576686,Weekday
2,9,0.1163870312950827,0.9976722327145664,4.440534938465465,Weekday
2,10,0.1912180076945911,1.173697666688399,4.591273584149101,Weekday
2,11,0.2583003694360906,1.3285565376281738,4.904508634047075,Weekday
2,12,0.2751115668903697,1.3758629777214744,5.017804833975705,Weekday
2,13,0.267357436093417,1.2752665714784102,4.570132732391357,Weekday
2,14,0.2460684397003867,1.086214087226174,4.000813245773315,Weekday
2,15,0.2174325856295499,0.9840778654271906,3.758357134732333,Weekday
2,16,0.1782182455062866,0.9244468699802052,3.7144466746937135,Weekday
2,17,0.1399763605811379,0.8738190911032937,3.768904599276456,Weekday
2,18,0.1188288710334084,0.8218164118853483,3.630781065333973,Weekday
2,19,0.1064649820327758,0.8219695741480048,3.6266226335005327,Weekday
2,20,0.0901602344079451,0.7615543712269176,3.40045871517875,Weekday
2,21,0.0656280680136247,0.7164814905686812,3.1486675685102288,Weekday
2,22,0.0363409627567638,0.678198901089755,3.0658971829847856,Weekday
2,23,0.0,0.6236365925181996,2.911463688720356,Weekday
2,0,0.0,0.3817809522151947,2.8389563485980034,Weekend/holiday
2,1,0.0,0.2923370897769928,2.1066560447216034,Weekend/holiday
2,2,0.0,0.1614990234375,1.565582096576691,Weekend/holiday
2,3,0.0,0.0,1.3100402057170868,Weekend/holiday
2,4,0.0,0.0,1.0186553597450256,Weekend/holiday
2,5,0.0,0.0,0.8120400905609131,Weekend/holiday
2,6,0.0,0.0,0.8097699880599976,Weekend/holiday
2,7,0.0,0.0,1.1773702800273895,Weekend/holiday
2,8,0.0,0.2582075595855713,1.9663640558719635,Weekend/holiday
2,9,0.0,0.3798645138740539,2.708235323429108,Weekend/holiday
2,10,0.0,0.6131072640419006,3.03248530626297,Weekend/holiday
2,11,0.0,0.7260152697563171,3.625474065542221,Weekend/holiday
2,12,0.0,0.7384904623031616,3.855564594268799,Weekend/holiday
2,13,0.0,0.7334983348846436,3.731847107410431,Weekend/holiday
2,14,0.0,0.695827066898346,3.431816056370735,Weekend/holiday
2,15,0.0,0.6884377002716064,3.6004721323649087,Weekend/holiday
2,16,0.0,0.6717000007629395,3.7642393112182617,Weekend/holiday
2,17,0.0,0.6550241112709045,3.694309592247009,Weekend/holiday
2,18,0.0,0.5984376966953278,3.466231971979141,Weekend/holiday
2,19,0.0,0.5468108057975769,3.250246286392212,Weekend/holiday
2,20,0.0,0.5521688759326935,3.1169585585594177,Weekend/holiday
2,21,0.0,0.5351962745189667,3.1032247841358185,Weekend/holiday
2,22,0.0,0.4632359743118286,2.991527140140533,Weekend/holiday
2,23,0.0,0.3923892825841903,2.923524916172028,Weekend/holiday
