CDF Percentile,Private car,Official car,SPV,Rental car,Bus,Taxi
1.0,6.0,6.0,6.1,6.0,10.0,7.0
2.0,6.5,7.0,8.0,7.0,15.7,9.9
3.0,7.0,8.0,9.0,8.0,21.0,12.0
4.0,7.9,9.0,10.1,9.0,25.7,14.0
5.0,8.0,9.9,12.0,10.0,29.700000000000003,17.0
6.000000000000001,9.0,10.3,13.5,11.0,33.0,19.7
6.999999999999999,9.0,11.0,15.0,12.2,36.5,22.4
8.0,10.0,12.0,16.3,14.0,40.0,25.64
9.0,10.4,13.0,18.0,15.0,42.5,29.0
10.0,11.0,14.0,19.9,16.0,45.0,32.0
11.0,11.8,15.0,21.0,17.6,48.0,35.0
12.0,12.0,16.0,22.6,19.0,50.800000000000004,38.0
13.0,13.0,17.0,24.0,20.0,53.1,42.0
14.000000000000002,13.0,18.0,25.5,21.5,56.0,45.0
15.000000000000002,14.0,19.0,27.0,23.0,58.7,48.0
16.0,14.4,20.0,28.0,24.0,61.0,52.0
17.0,15.0,21.0,29.8,26.0,63.6,56.0
18.000000000000004,15.8,22.0,31.0,27.2,66.0,59.0
19.0,16.0,23.0,32.0,29.0,68.1,63.0
20.0,17.0,24.0,33.8,30.4,70.6,66.0
21.000000000000004,17.1,25.0,35.0,32.0,72.5,70.0
22.0,18.0,26.0,36.0,34.0,74.30000000000001,73.0
23.0,18.6,27.0,38.0,35.3,76.69999999999999,77.0
24.000000000000004,19.0,28.0,39.0,37.0,78.19999999999999,80.0
25.0,20.0,29.6,40.3,39.0,80.0,83.0
26.0,20.099999999999998,31.0,42.0,40.8,82.0,87.0
27.0,21.0,32.0,43.0,42.4,83.8,90.0
28.000000000000004,21.799999999999997,33.0,44.400000000000006,44.2,85.4,93.0
29.000000000000004,22.0,34.0,46.0,46.0,87.5,97.0
30.0,23.0,35.2,47.0,48.0,89.0,100.0
31.0,23.4,37.0,48.3,50.0,90.8,103.0
32.0,24.0,38.0,50.0,52.0,92.0,107.0
33.0,25.0,39.0,51.0,54.3,93.4,110.0
34.0,25.299999999999997,40.9,52.2,56.8,95.0,113.0
35.0,26.0,42.0,54.0,59.0,96.6,116.0
36.00000000000001,27.0,43.0,55.1,61.0,98.0,119.0
37.0,27.4,45.0,56.5,63.0,99.5,122.0
38.0,28.0,46.0,58.0,65.58200000000008,101.0,125.0
39.0,29.0,47.3,59.5,68.0,102.1,128.0
40.0,29.6,49.0,61.0,70.0,104.0,131.0
41.0,30.0,50.1,62.0,73.0,105.5,134.0
42.00000000000001,31.0,52.0,64.0,75.1,107.5,137.0
43.0,32.0,54.0,65.3,78.0,109.0,139.0
44.0,32.5,55.0,67.0,81.0,111.0,142.0
45.0,33.0,57.0,68.0,83.10499999999996,112.7,145.0
46.0,34.0,59.0,70.0,86.0,114.1,148.0
47.0,35.0,60.0,71.7,89.0,115.9,151.0
48.00000000000001,35.800000000000004,62.0,73.0,91.7,117.3,154.0
49.0,36.3,64.0,75.0,94.0,119.2,157.0
50.0,37.0,66.0,76.15,97.0,121.7,160.0
51.0,38.0,68.0,78.0,100.0,124.0,163.0
52.0,39.0,70.0,80.0,103.0,126.0,165.0
53.0,40.0,72.0,81.3,106.0,128.5,168.0
54.0,41.0,74.0,83.0,109.0,131.2,171.0
55.00000000000001,41.8,76.0,85.0,112.0,134.0,174.0
56.00000000000001,42.6,78.0,86.7,116.0,136.9,177.0
57.00000000000001,43.4,80.6,88.5,119.0,139.1,180.0
58.00000000000001,44.3,83.0,90.19999999999999,122.0,141.7,182.0
59.0,45.3,85.0,92.04299999999967,126.0,144.0,185.0
60.0,46.3,88.0,94.0,129.0,146.5,188.0
61.0,47.4,90.9,96.0,133.0,149.2,191.0
62.0,48.5,93.0,98.0,136.4,152.0,193.0
63.0,49.7,96.0,100.0,140.0,154.2,196.0
64.0,51.0,99.0,102.0,144.0,156.3,199.0
65.0,52.0,102.0,104.6,148.0,158.5,202.0
66.0,53.0,105.0,107.0,152.4,161.2,204.0
67.0,54.0,109.0,109.0,157.0,164.0,207.0
68.0,55.2,112.0,111.69999999999999,161.0,166.4,210.0
69.0,57.0,116.0,114.0,166.0,169.0,213.0
70.0,58.0,120.0,116.5,171.0,171.0,216.0
71.00000000000001,59.0,124.0,119.5,176.0,173.8,219.0
72.0,61.0,128.0,122.0,181.0,176.6,221.0
73.0,62.0,132.8,125.0,186.09699999999992,179.2,224.0
74.0,64.0,137.0,128.0,192.0,181.10000000000002,227.0
75.0,65.0,143.0,131.0,198.0,183.60000000000002,230.0
76.0,67.0,148.0,134.0,204.0,185.9,233.7600000000003
77.0,69.0,154.0,137.0,210.0,188.4,237.0
78.0,70.5,160.0,140.5,217.0,191.0,240.0
79.0,72.1,167.0,144.0,223.0,193.0,244.0
80.0,74.0,173.7,148.0,229.29999999999998,195.2,247.0
81.0,76.3,181.0,152.0,236.0,197.4,250.05500000000058
82.0,79.0,188.6300000000014,156.0,243.0,199.5,254.0
83.0,81.0,196.9950000000007,160.4,250.0,202.5,258.0
84.00000000000001,84.0,205.0,165.0,256.1,205.6,262.0
85.0,86.2,213.0,169.5,263.0,208.5,266.0
86.0,89.1,222.0,174.3,270.0,211.2,271.0
87.0,92.8,230.0,180.0,276.9,214.0,275.0
88.0,96.0,239.0,185.6,283.7,217.0,280.0
89.0,100.0,248.0,191.0,291.0,220.3,285.0
90.0,104.0,258.0,198.0,298.1,223.4,290.9
91.0,109.0,267.0,205.0,305.9,227.4,297.0
92.0,115.0,278.0,212.2,313.5,231.0,304.0
93.0,121.0,288.0,221.0,322.0,235.2,311.0
94.0,129.0,299.0,230.0,331.5,240.6,320.0
95.0,138.6,312.0,239.60000000000002,341.0,248.8,329.0
96.00000000000001,151.0,326.0,250.3,352.7880000000007,256.3,341.0
97.0,168.0,342.0,264.0,366.2329999999998,265.5,355.0
98.0,195.0,363.0,283.0,385.3,276.0,373.0
99.0,244.371000000002,395.0,329.0,416.0,293.1,403.0
100.0,499.4,499.0,499.0,499.8,494.0,499.0
