,Private car_workday_driving,Private car_workday_charging,Private car_workday_parked,Private car_weekend & holiday_driving,Private car_weekend & holiday_charging,Private car_weekend & holiday_parked,Taxi_workday_driving,Taxi_workday_charging,Taxi_workday_parked,Taxi_weekend & holiday_driving,Taxi_weekend & holiday_charging,Taxi_weekend & holiday_parked,Official car_workday_driving,Official car_workday_charging,Official car_workday_parked,Official car_weekend & holiday_driving,Official car_weekend & holiday_charging,Official car_weekend & holiday_parked,Rental car_workday_driving,Rental car_workday_charging,Rental car_workday_parked,Rental car_weekend & holiday_driving,Rental car_weekend & holiday_charging,Rental car_weekend & holiday_parked,Bus_workday_driving,Bus_workday_charging,Bus_workday_parked,Bus_weekend & holiday_driving,Bus_weekend & holiday_charging,Bus_weekend & holiday_parked,SPV_workday_driving,SPV_workday_charging,SPV_workday_parked,SPV_weekend & holiday_driving,SPV_weekend & holiday_charging,SPV_weekend & holiday_parked
0,0.09160344399128768,0.16167646069961555,0.7467200953090968,0.10732231870075574,0.18118367100820068,0.7114940102910436,0.1497859025032938,0.3373956960913483,0.512818401405358,0.15564613526570048,0.3639794685990338,0.48037439613526567,0.15906459132265582,0.16516279419505225,0.675772614482292,0.1880893300248139,0.19305210918114143,0.6188585607940447,0.29525014599961064,0.13875802997858672,0.5659918240218027,0.3634368308351178,0.1748394004282655,0.4617237687366167,0.04879492600422833,0.10637420718816068,0.844830866807611,0.04828488372093023,0.13114825581395348,0.8205668604651163,0.109464378575143,0.1265186971115208,0.7640169243133361,0.13257280291211648,0.15672126885075402,0.7107059282371295
1,0.08747935213202941,0.15719788331944629,0.7553227645485243,0.10434756391702846,0.1773446293616337,0.7183078067213379,0.13515590689503731,0.3363526570048309,0.5284914361001317,0.1442481884057971,0.36405495169082125,0.49169685990338163,0.15083840890292505,0.16468155500413564,0.6844800360929393,0.1803556658395368,0.19313482216708022,0.626509511993383,0.28063071831808445,0.1449484134708974,0.5744208682110181,0.34764453961456104,0.18035331905781585,0.47200214132762314,0.04615750528541226,0.10041754756871037,0.8534249471458774,0.04510174418604651,0.12430232558139535,0.8305959302325582,0.10712428497139885,0.12029026615610079,0.7725854488725004,0.1295176807072283,0.1455083203328133,0.7249739989599584
2,0.08382120773582423,0.15251830899443056,0.7636604832697452,0.1009959398617141,0.1727518491718926,0.7262522109663934,0.12123956960913483,0.3328941589811155,0.5458662714097496,0.13352958937198067,0.36118659420289856,0.5052838164251208,0.14137905105647042,0.1638920219565381,0.6947289269869915,0.17100909842845327,0.19191480562448304,0.6370760959470637,0.2641424956200117,0.14938680163519563,0.5864707027447927,0.33281584582441115,0.18602783725910063,0.4811563169164882,0.04456659619450317,0.09612579281183932,0.8593076109936575,0.04366279069767442,0.11957848837209302,0.8367587209302325,0.10402779747553538,0.11336453458138325,0.7826076679430813,0.12909516380655225,0.13410036401456057,0.7368044721788871
3,0.08074595447967373,0.14744953149439402,0.7718045140259323,0.09814680816851584,0.16775205016883743,0.7341011416626467,0.10929951690821256,0.3275417215634607,0.5631587615283268,0.12401871980676328,0.3549969806763285,0.5209842995169083,0.1319196932100158,0.16202722009173623,0.706053086698248,0.16333746898263027,0.18943341604631928,0.6472291149710505,0.24864707027447927,0.15004866653688925,0.6013042631886315,0.3170235546038544,0.1869914346895075,0.4959850107066381,0.042727272727272725,0.09465644820295982,0.8626162790697675,0.0413953488372093,0.1167732558139535,0.8418313953488372,0.1025268283458611,0.10673426937077483,0.7907389022833641,0.12717758710348415,0.12545501820072802,0.7473673946957878
4,0.078242628893859,0.14186181642766302,0.7798955546784779,0.09579514391381251,0.1622849332690143,0.7419199228171732,0.09919850680720246,0.3210913482652613,0.5797101449275363,0.11503623188405797,0.34473128019323673,0.5402324879227053,0.12399428528460786,0.15799684186780963,0.7180088728475825,0.15618279569892474,0.1847394540942928,0.6590777502067824,0.2360132372980339,0.14999026669262217,0.6139964960093439,0.3027301927194861,0.18774089935760171,0.5095289079229122,0.03994714587737844,0.09712473572938689,0.8629281183932347,0.038517441860465115,0.11982558139534884,0.841656976744186,0.1034250460927528,0.09979671914149293,0.7967782347657543,0.12893265730629225,0.1156721268850754,0.7553952158086323
5,0.07605541668493912,0.1361809118683214,0.7877636714467395,0.09337313072841293,0.15626004984724232,0.7503668194243448,0.0886034255599473,0.3118412384716732,0.5995553359683795,0.10869565217391304,0.3359752415458937,0.5553291062801933,0.11761034664260471,0.1536431310624859,0.7287465222949093,0.14815963606286187,0.18089330024813896,0.6709470636889991,0.22328207124781002,0.14652520926610862,0.6301927194860812,0.28977516059957176,0.1880085653104925,0.5222162740899358,0.037050739957716704,0.08836680761099366,0.8745824524312896,0.03563953488372093,0.10931686046511628,0.8550436046511628,0.10491419656786272,0.09301281142154777,0.8020729920105895,0.12912766510660426,0.1063767550702028,0.7644955798231929
6,0.07408564662544402,0.13024602026049203,0.7956683331140639,0.0913179369673581,0.14891863643672615,0.7597634265959158,0.08006697408871322,0.302179402722881,0.6177536231884058,0.09963768115942029,0.3287288647342995,0.5716334541062802,0.11073013008496879,0.14851492593428076,0.7407549439807505,0.1411703887510339,0.17578577336641854,0.6830438378825475,0.2119719680747518,0.14146388942962818,0.64656414249562,0.2787473233404711,0.1832441113490364,0.5380085653104925,0.03783826638477802,0.07645877378435517,0.8857029598308668,0.03683139534883721,0.09530523255813954,0.8678633720930233,0.10389779227532737,0.08697347893915756,0.8091287287855151,0.12873764950598024,0.09971398855954239,0.7715483619344774
7,0.07280109342337997,0.12429285620313117,0.8029060503734889,0.0898757838880849,0.14311987457790643,0.7670043415340086,0.07273825208607818,0.2918862538427756,0.6353754940711462,0.09148550724637682,0.31717995169082125,0.5913345410628019,0.10540642153545378,0.14308594631175278,0.7515076321527935,0.13409842845326717,0.17152605459057071,0.6943755169561622,0.20109013042631887,0.13478684056842516,0.664123029005256,0.27210920770877944,0.17751605995717346,0.5503747323340471,0.037219873150105706,0.06954545454545455,0.8932346723044398,0.03556686046511628,0.08565406976744186,0.8787790697674419,0.10323594761972298,0.08126506878456957,0.8154989835957075,0.12873764950598024,0.09308372334893396,0.7781786271450858
8,0.07186188951746116,0.1183031472467073,0.8098349632358315,0.08856427882296189,0.13674324650265315,0.774692474674385,0.0661231884057971,0.28167545015371104,0.6522013614404918,0.08461654589371981,0.30434782608695654,0.6110356280193237,0.09984209339048047,0.13633355891420407,0.7638243476953155,0.1295078577336642,0.1650330851943755,0.7054590570719603,0.19538641230290055,0.12859645707611445,0.676017130620985,0.26316916488222697,0.17119914346895074,0.5656316916488223,0.038012684989429175,0.0643446088794926,0.8976427061310782,0.03648255813953488,0.07863372093023256,0.8848837209302325,0.10692336784380467,0.07554483997541721,0.8175317921807782,0.1327028081123245,0.08671346853874155,0.780583723348934
9,0.07085690479322897,0.11241759125261296,0.8167255039541581,0.08748392024441229,0.13061283968483678,0.781903240070751,0.06035902503293807,0.2693785682916118,0.6702624066754501,0.07797403381642512,0.2938556763285024,0.6281702898550725,0.09528535980148883,0.13024287540416574,0.7744717647943453,0.12531017369727046,0.158560794044665,0.7161290322580646,0.18929336188436832,0.12193887482966713,0.6887677632859646,0.2538008565310492,0.16188436830835118,0.5843147751605996,0.039497885835095135,0.06042811839323466,0.9000739957716701,0.038299418604651164,0.07207848837209302,0.8896220930232558,0.1101616791944405,0.0699664350210372,0.8198718857845223,0.1356604264170567,0.08070072802912116,0.7836388455538221
10,0.07014793375140697,0.10646259995029894,0.8233894662982941,0.08662465830519377,0.12434173500562791,0.7890336066891783,0.055610452349582784,0.2554347826086957,0.6889547650417216,0.07253925120772947,0.2810235507246377,0.6464371980676329,0.09103692006917814,0.1243627340401534,0.7846003458906684,0.1206368899917287,0.1532464846980976,0.7261166253101736,0.18401790928557524,0.11588475764064628,0.7000973330737784,0.24801927194860815,0.15487152034261242,0.5971092077087794,0.03891120507399577,0.056448202959830864,0.9046405919661733,0.03731104651162791,0.06704941860465116,0.895639534883721,0.11428638963740369,0.06507351203139035,0.820640098331206,0.14069812792511702,0.07576053042121685,0.7835413416536661
11,0.0695942785306027,0.10085295794413017,0.8295527635252671,0.08557947419199229,0.11813092940987296,0.7962895963981348,0.0514382960035134,0.24267127799736496,0.7058904259991217,0.06868961352657005,0.26834239130434784,0.6629679951690821,0.08693886758402887,0.11795623731107602,0.795104895104895,0.1161910669975186,0.14712572373862695,0.7366832092638544,0.1799299201868795,0.10951917461553436,0.7105509051975861,0.24443254817987153,0.1457173447537473,0.6098501070663811,0.03980972515856237,0.0527906976744186,0.907399577167019,0.038488372093023256,0.06194767441860465,0.8995639534883721,0.11545643643927575,0.060594241951496236,0.8239493216092281,0.14238819552782112,0.07017030681227249,0.7874414976599063
12,0.06919593913081612,0.0953474689002909,0.835456591968893,0.0850116578228011,0.11199549766843545,0.8029928445087635,0.04885814668423364,0.22971563460693897,0.7214262187088274,0.06340579710144928,0.2552083333333333,0.6813858695652175,0.08407399052560344,0.11206857658470562,0.803857432889691,0.1131306865177833,0.14034325889164598,0.7465260545905708,0.17617286353903056,0.10383492310687172,0.7199922133540977,0.24057815845824412,0.13667023554603855,0.6227516059957173,0.03971987315010571,0.04903276955602537,0.911247357293869,0.03863372093023256,0.057659883720930234,0.9037063953488372,0.1181274523708221,0.05656408074504798,0.82530846688413,0.14492329693187728,0.0657826313052522,0.7892940717628705
13,0.06886338054934292,0.08987852475551464,0.8412580946951425,0.08463981347483518,0.1062871844347966,0.8090730020903683,0.047677865612648224,0.21536012296881862,0.7369620114185331,0.060084541062801936,0.24358393719806765,0.6963315217391304,0.08226934355966614,0.10657192270095496,0.8111587337393789,0.110752688172043,0.13444995864350703,0.75479735318445,0.17424566867821686,0.09830640451625462,0.7274479268055285,0.23576017130620985,0.12981798715203427,0.6344218415417558,0.03980972515856237,0.04469873150105708,0.9154915433403805,0.038357558139534884,0.05210755813953488,0.9095348837209302,0.12338675365196426,0.052510282229471,0.8241029641185648,0.15239859594383776,0.060777431097243886,0.7868239729589184
14,0.06865507462468388,0.08473665745735211,0.846608267917964,0.08409209680012864,0.10086529184756392,0.8150426113523075,0.047458278436539304,0.20199275362318841,0.7505489679402723,0.057593599033816424,0.23203502415458938,0.7103713768115941,0.08050981276787729,0.10042108429205203,0.8190691029400707,0.10893300248138958,0.12853598014888337,0.7625310173697271,0.17200700798131205,0.09343975082733114,0.7345532411913568,0.23228051391862956,0.12339400428265525,0.6443254817987152,0.041728329809725156,0.041479915433403805,0.916791754756871,0.04030523255813954,0.04789244186046512,0.9118023255813953,0.13219165130241575,0.0483619344773791,0.8194464142202051,0.15987389495579823,0.055739729589183565,0.7843863754550182
15,0.06870441023841892,0.0797135610811443,0.8515820286804368,0.08383080077182826,0.09527757678083293,0.8208916224473388,0.04833662714097497,0.18813131313131315,0.7635320597277119,0.05646135265700483,0.2197312801932367,0.7238073671497585,0.0799383412286638,0.09472892698699151,0.8253327317843446,0.10723738626964434,0.12264267990074441,0.7701199338296113,0.171500875997664,0.0880085653104925,0.7404905586918435,0.22981798715203425,0.11771948608137045,0.6524625267665953,0.04239429175475687,0.038387949260042284,0.9192177589852009,0.040319767441860464,0.04395348837209302,0.9157267441860465,0.14386848201200778,0.0452063537086938,0.8109251642792985,0.1752470098803952,0.052034581383255334,0.7727184087363494
16,0.06895657004195355,0.0748165446067038,0.8562268853513426,0.0841222463418556,0.09007678083293134,0.825800972825213,0.05130105401844532,0.17687747035573123,0.7718214756258235,0.05698973429951691,0.20848429951690822,0.7345259661835748,0.07972779908263779,0.08976614783066396,0.8305060530866982,0.10643093465674111,0.11751447477253929,0.7760545905707196,0.17128674323535137,0.0834923106871715,0.7452209460774772,0.22682012847965738,0.11343683083511777,0.6597430406852248,0.04471458773784355,0.03606236786469345,0.919223044397463,0.04215116279069767,0.04074127906976744,0.9171075581395349,0.154741644211223,0.04232260199498889,0.802935753793788,0.1893200728029121,0.047679407176287054,0.7630005200208009
17,0.06947185311874168,0.07032152202195617,0.8602066248593021,0.08420264511979418,0.08516240553143592,0.8306349493487699,0.055308519982433024,0.16466293368467283,0.7800285463328942,0.058121980676328504,0.196256038647343,0.7456219806763286,0.0800511316640349,0.0845101135423716,0.8354387547935935,0.10614143920595534,0.11238626964433417,0.7814722911497105,0.17146194276815263,0.0795989877360327,0.7489390694958147,0.22607066381156318,0.10845824411134904,0.6654710920770878,0.04751585623678647,0.03364693446088795,0.9188372093023256,0.04441860465116279,0.037645348837209304,0.917936046511628,0.1599891268378008,0.039757953954521814,0.8002529192076773,0.19660036401456057,0.04498179927197088,0.7584178367134685
18,0.07021371456972036,0.06622849332690144,0.8635577921033782,0.08468503778742563,0.08022793053545586,0.8350870316771185,0.06126482213438735,0.1534365393061045,0.7852986385595081,0.06189613526570048,0.18734903381642512,0.7507548309178744,0.08154748477329123,0.08061508384089029,0.8378374313858185,0.10721670802315963,0.10732009925558313,0.7854631927212572,0.1731750048666537,0.07533579910453572,0.7514891960288106,0.2266595289079229,0.10433618843683083,0.6690042826552463,0.05185517970401691,0.03197145877378435,0.9161733615221987,0.04867732558139535,0.0354796511627907,0.9158430232558139,0.1706377346002931,0.038221528861154444,0.7911407365385524,0.20557072282891314,0.04277171086843474,0.7516575663026521
19,0.0715238492011285,0.06224875381894195,0.8662273969799296,0.08530812831644959,0.0756803746583052,0.8390114970252451,0.07114624505928853,0.14396684233640755,0.7848869126043039,0.06710446859903382,0.17964975845410627,0.7532457729468599,0.08419430032333258,0.07640424092036996,0.8394014587562975,0.10727874276261373,0.10252274607113317,0.7901985111662531,0.1747712672766206,0.07171500875997665,0.7535137239634028,0.2263918629550321,0.09855460385438972,0.6750535331905781,0.06410676532769556,0.030290697674418606,0.9056025369978858,0.06116279069767442,0.033473837209302325,0.9053633720930233,0.19388502812839786,0.03696875147733182,0.7691462203942703,0.23368434737389496,0.042706708268330736,0.7236089443577742
20,0.07413315499422592,0.058561373503486384,0.8673054715022878,0.0868759044862518,0.07129361633703167,0.8418304791767165,0.08599582784365394,0.13641853315766359,0.7775856389986825,0.07404891304347826,0.17021437198067632,0.7557367149758454,0.08839762388149486,0.0733288217159185,0.8382735544025867,0.10851943755169562,0.09809760132340778,0.7933829611248966,0.1786840568425151,0.06844461748102004,0.7528713256764649,0.22767665952890792,0.09416488222698073,0.6781584582441114,0.08919661733615222,0.030184989429175472,0.8806183932346723,0.0832703488372093,0.03241279069767442,0.8843168604651163,0.22167068500921855,0.036354181439984874,0.7419751335507965,0.26878575143005723,0.0421541861674467,0.6890600624024961
21,0.07902468973380695,0.05525771462819219,0.8657175956380009,0.08863462775365814,0.06738422575976845,0.8439811464865734,0.10512736056214317,0.12845849802371542,0.7664141414141414,0.08454106280193237,0.16394927536231885,0.7515096618357487,0.09438303631852019,0.0702082863373186,0.8354086773441612,0.11007030603804797,0.09387923904052936,0.7960504549214226,0.18384270975277398,0.06577769125948997,0.7503795989877361,0.2305139186295503,0.08811563169164882,0.6813704496788009,0.1352536997885835,0.030882663847780125,0.8338636363636364,0.12640988372093023,0.031758720930232555,0.8418313953488372,0.2616886493641564,0.036980570131896186,0.7013307805039475,0.3138000520020801,0.04338923556942278,0.6428107124284972
22,0.08732220906605855,0.05199242789691415,0.8606853630370273,0.09146365975237176,0.06365070750924585,0.8448856327383824,0.12678414580588496,0.12165129556433905,0.751564558629776,0.09601449275362318,0.15519323671497584,0.748792270531401,0.10206030528611175,0.06747123843898038,0.8304684562749078,0.11373035566583954,0.08984698097601324,0.7964226633581473,0.1889818960482772,0.0634611641035624,0.7475569398481604,0.23265524625267667,0.08527837259100643,0.6820663811563169,0.19451902748414376,0.03146934460887949,0.7740116279069768,0.17636627906976743,0.030276162790697673,0.7933575581395349,0.3029475724483525,0.03865881908003593,0.6583936084716115,0.35192407696307854,0.04472178887155486,0.6033541341653665
23,0.1023805347249631,0.048813021678434126,0.8488064435966027,0.09524240231548481,0.060103111432706226,0.8446544862518091,0.148276240667545,0.11467940272288098,0.737044356609574,0.1076388888888889,0.14696557971014493,0.7453955314009661,0.11355741033160388,0.06441085795924506,0.822031731709151,0.11877584780810588,0.08612489660876757,0.7950992555831266,0.1970994744014016,0.061144636947634806,0.7417558886509635,0.23592077087794433,0.08281584582441114,0.6812633832976445,0.27066067653276954,0.032045454545454544,0.697293868921776,0.23332848837209302,0.02995639534883721,0.7367151162790697,0.3261712286673285,0.03936793835389779,0.6344608329787736,0.37565002600104,0.045761830473218926,0.5785881435257411
24,0.12739734537853206,0.04606301802394421,0.8265396365975237,0.10039294902717479,0.05666606367583213,0.8429409872969931,0.17536780851998246,0.10520970575318402,0.7194224857268335,0.12107487922705314,0.14032306763285024,0.7386020531400966,0.12916008722460334,0.06133543875479359,0.809504474020603,0.12597187758478082,0.08273366418527708,0.7912944582299422,0.20918824216468757,0.05828304457854779,0.7325287132567646,0.23998929336188438,0.07896145610278373,0.6810492505353319,0.35101479915433403,0.0345877378435518,0.6143974630021141,0.28857558139534883,0.03247093023255814,0.6789534883720931,0.3401526970169716,0.041176192502245544,0.6186711104807828,0.390763130525221,0.04810192407696308,0.5611349453978158
25,0.1628385884898186,0.04344457600608107,0.7937168355041003,0.10737759286058852,0.05332448946776009,0.8392979176716513,0.20797650417215635,0.09543807641633728,0.6965854194115064,0.13677536231884058,0.13201992753623187,0.7312047101449275,0.15028197608842772,0.05774118354763516,0.7919768403639371,0.13442928039702234,0.07758478081058726,0.7879859387923904,0.2256180650184933,0.05429238855363052,0.7200895464278763,0.2459850107066381,0.07751605995717345,0.6764989293361884,0.4333826638477801,0.039915433403805496,0.5267019027484143,0.34059593023255813,0.03571220930232558,0.6236918604651163,0.3535786886020895,0.0420862289037016,0.6043350824942089,0.4048036921476859,0.04774440977639106,0.5474518980759231
26,0.2086330015056498,0.04111301144586239,0.7502539870484878,0.11683449911561344,0.05047535777456183,0.8326901431098248,0.25153711023276243,0.08509003074220466,0.663372859025033,0.15715579710144928,0.1221316425120773,0.7207125603864735,0.17819384916159112,0.0541544477028348,0.7676517031355741,0.14516129032258066,0.07429693961952026,0.7805417700578992,0.24362468366751022,0.050729998053338526,0.7056453182791512,0.2521948608137045,0.07457173447537473,0.6732334047109207,0.5120401691331924,0.04423890063424947,0.4437209302325581,0.3865988372093023,0.03989825581395349,0.5735029069767442,0.36558644163948373,0.041542570793740845,0.5928709875667755,0.41786921476859074,0.047321892875715026,0.5348088923556943
27,0.26014669122483886,0.039106696487304304,0.7007466122878567,0.12993949991960121,0.04715388326097443,0.8229066168194243,0.3008893280632411,0.07707509881422925,0.6220355731225297,0.1832729468599034,0.11209239130434782,0.7046346618357489,0.20945935784645464,0.050891044439431536,0.7396495977141139,0.15727874276261372,0.07003722084367246,0.7726840363937137,0.26558302511193305,0.04599961066770489,0.6884173642203621,0.2623126338329764,0.07034261241970022,0.6673447537473234,0.5748572938689217,0.05090909090909091,0.3742336152219874,0.4213372093023256,0.04630813953488372,0.5323546511627908,0.3753486503096487,0.04300808395972203,0.5816432657306293,0.4286596463858554,0.04819942797711908,0.5231409256370255
28,0.31489277726614917,0.03855486851145317,0.6465523542223977,0.14743628396848368,0.04412385431741438,0.808439861714102,0.35221783047870003,0.06862099253403602,0.579161176987264,0.21354166666666666,0.10152475845410629,0.6849335748792271,0.24510865478607416,0.04831190315061283,0.706579442063313,0.17537220843672457,0.06581885856079404,0.7588089330024814,0.2893712283433911,0.04150282265913958,0.6691259489974692,0.2774625267665953,0.06445396145610278,0.6580835117773018,0.6190169133192389,0.05742600422832981,0.3235570824524313,0.44931686046511626,0.05559593023255814,0.4950872093023256,0.3853708693802298,0.045040892544792696,0.5695882380749775,0.43977509100364015,0.051774570982839316,0.5084503380135206
29,0.3641352015085734,0.03953792629624757,0.5963268721951791,0.1659531275124618,0.04129984724232192,0.7927470252452162,0.3955588493631972,0.06203337725076856,0.5424077733860343,0.2482638888888889,0.09178743961352658,0.6599486714975846,0.280690277464471,0.046943379201443716,0.6723663433340852,0.19478908188585609,0.06155913978494624,0.7436517783291977,0.3157290247226007,0.037278567257153984,0.6469924080202454,0.29298715203426123,0.05835117773019272,0.6486616702355461,0.6499048625792812,0.06347251585623678,0.28662262156448204,0.4681104651162791,0.06520348837209303,0.4666860465116279,0.3969058762350494,0.048456483713894015,0.5546376400510566,0.4503705148205928,0.057624804992199685,0.4920046801872075
30,0.40222594980192666,0.043387931412533436,0.5543861187855399,0.18728895320791125,0.03962152275285415,0.7730895240392346,0.43549626701800614,0.057723978919631096,0.5067797540623628,0.2851751207729469,0.08423913043478261,0.6305857487922706,0.31376043311527185,0.048003609293931875,0.6382359575907963,0.21565343258891645,0.05911910669975186,0.7252274607113317,0.3381740315359159,0.03486470702744793,0.6269612614366362,0.3122591006423983,0.05294432548179871,0.634796573875803,0.6663794926004228,0.06802325581395349,0.26559725158562364,0.4799563953488372,0.07226744186046512,0.4477761627906977,0.410710064766227,0.05382215288611544,0.5354677823476575,0.45680577223088925,0.06935777431097244,0.4738364534581383
31,0.41323692788960514,0.04917481617915771,0.537588255931237,0.20460986493005306,0.03914415500884386,0.7562459800611031,0.45731774264382963,0.05593983311374616,0.4867424242424242,0.31778381642512077,0.07744565217391304,0.6047705314009661,0.34004060455673357,0.05186104218362283,0.6080983532596436,0.23751033912324235,0.05800248138957816,0.7044871794871794,0.35886704302121863,0.03344364415028227,0.6076893128284991,0.32955032119914346,0.04973233404710921,0.6207173447537473,0.6783298097251586,0.07383720930232558,0.24783298097251583,0.49261627906976746,0.08040697674418605,0.4269767441860465,0.4227650924218787,0.06034605020564459,0.5168888573724768,0.46060842433697347,0.08099323972958919,0.4583983359334374
32,0.4015114970252452,0.05644725109269248,0.5420412518820623,0.22029265155169642,0.03940545103714423,0.7403018974111594,0.47395147123407994,0.05410079051383399,0.4719477382520861,0.3519776570048309,0.07397342995169082,0.5740489130434783,0.3579592450560193,0.05635010151139183,0.5856906534325889,0.25926385442514477,0.05725806451612903,0.6834780810587262,0.3799688534163909,0.03393030951917462,0.5861008370644345,0.35251605995717344,0.047751605995717344,0.5997323340471092,0.6796723044397462,0.08269027484143764,0.2376374207188161,0.4992877906976744,0.08447674418604652,0.416235465116279,0.44035125041365286,0.06769725334467924,0.4919514962416679,0.4717563702548102,0.09467628705148205,0.4335673426937078
33,0.37939269686737126,0.0632482568083147,0.5573590463243141,0.2342217398295546,0.041063675832127354,0.724714584338318,0.4891578831796223,0.0522068511198946,0.4586352657004831,0.380661231884058,0.06944444444444445,0.5498943236714976,0.3690954207083239,0.06128280321828709,0.569621776073389,0.2776881720430108,0.05672043010752688,0.6655913978494623,0.3935176172863539,0.034981506715982096,0.571500875997664,0.37259100642398285,0.04518201284796574,0.5822269807280513,0.6754756871035941,0.09386892177589852,0.23065539112050737,0.5078924418604651,0.09001453488372094,0.402093023255814,0.4559636930931783,0.0751430057202288,0.4688933011865929,0.4778991159646386,0.10653926157046281,0.41556162246489864
34,0.3540561183470011,0.06934029148211493,0.5766035901708839,0.24636698022190062,0.043430414857694166,0.7102026049204052,0.5012900746596398,0.051575537988581464,0.4471343873517787,0.4116092995169082,0.06717995169082126,0.5212107487922706,0.37834423640875253,0.06586209489435296,0.5557936686968945,0.29820099255583127,0.058167907361455745,0.6436311000827131,0.40504185322172476,0.03667510219972747,0.5582830445785478,0.3907387580299786,0.04528907922912206,0.5639721627408993,0.6639746300211417,0.10486257928118393,0.23116279069767443,0.5132412790697675,0.09117732558139535,0.3955813953488372,0.4674159693660474,0.08393608471611591,0.4486479459178367,0.48371684867394693,0.11807722308892356,0.3982059282371295
35,0.3283047552222661,0.07386272274115979,0.5978325220365741,0.25790420485608617,0.04578207911239749,0.6963137160315163,0.513092885375494,0.050120772946859904,0.4367863416776461,0.43644323671497587,0.06521739130434782,0.49833937198067635,0.38401383562673885,0.07021580569967667,0.5457703586735845,0.31598428453267163,0.05876757650951199,0.6252481389578164,0.41203036791901887,0.03846603075725131,0.5495036013237298,0.4066916488222698,0.04630620985010707,0.5470021413276231,0.6522357293868922,0.11406448202959832,0.23369978858350948,0.5211627906976745,0.09402616279069767,0.3848110465116279,0.47638632818039994,0.0890890181061788,0.4345246537134213,0.48943707748309934,0.12565002600104005,0.38491289651586064
36,0.3038507360142671,0.07671870660293237,0.6194305573828005,0.26509487055796754,0.04822921691590288,0.6866759125261296,0.5227547211242863,0.04984628897672376,0.42739898989898994,0.45735205314009664,0.06438707729468598,0.4782608695652174,0.3866080156402737,0.07410331603879991,0.5392886683209264,0.3285773366418528,0.06009098428453267,0.6113316790736145,0.41903834923106875,0.040179092855752385,0.5407825579131789,0.4220556745182013,0.04737687366167023,0.5305674518201284,0.6349577167019028,0.12186575052854122,0.24317653276955598,0.5215406976744186,0.09508720930232559,0.3833720930232558,0.4825911218266912,0.09477379095163807,0.4226350872216707,0.4952548101924077,0.13172776911076442,0.37301742069682786
37,0.2868262947857738,0.07815492113610782,0.6350187840781184,0.27377793857533367,0.05071152918475639,0.67551053223991,0.5295344751866491,0.049818840579710144,0.4206466842336407,0.4759208937198068,0.06348128019323672,0.4605978260869565,0.3861643732611475,0.07620121813670201,0.5376344086021505,0.3412737799834574,0.061765922249793215,0.5969602977667493,0.4262993965349426,0.04191162156900915,0.5317889818960482,0.43747323340471095,0.04860813704496788,0.5139186295503211,0.6187262156448203,0.13103594080338268,0.250237843551797,0.5260029069767442,0.09559593023255814,0.3784011627906976,0.48372571266487024,0.0989457760128587,0.41732851132227106,0.4951248049921997,0.1328978159126365,0.3719773790951638
38,0.274320630326419,0.07855874227075385,0.6471206274028272,0.2875713539154205,0.05292752050168838,0.6595011255828911,0.5351064997804128,0.04992863416776461,0.4149648660518226,0.49516908212560384,0.06378321256038648,0.4410477053140097,0.38645010903075416,0.07761485826001956,0.5359350327092263,0.3522125723738627,0.06387510339123242,0.5839123242349049,0.43054311855168387,0.043138018298617874,0.5263188631496982,0.45165952890792294,0.04967880085653105,0.498661670235546,0.5983245243128964,0.13548625792811841,0.2661892177589852,0.5239244186046511,0.09638081395348837,0.3796947674418605,0.4846830236845837,0.10279865740084149,0.4125183189145748,0.49795241809672386,0.13371034841393656,0.36833723348933955
39,0.2647787571810727,0.078560569515707,0.6566606733032203,0.30115874738703974,0.05435459881009809,0.6444866538028622,0.5398825208607817,0.050806982872200264,0.409310496267018,0.5061141304347826,0.06114130434782609,0.43274456521739135,0.38687871268516427,0.0794044665012407,0.5337168208135951,0.36389578163771713,0.06495037220843672,0.5711538461538461,0.43507883978976053,0.04541561222503407,0.5195055479852053,0.467237687366167,0.05042826552462527,0.4823340471092077,0.575206131078224,0.13375792811839324,0.2910359408033827,0.519781976744186,0.09494186046511628,0.38527616279069765,0.4840920909563655,0.10542239871413038,0.4104855103295041,0.500455018200728,0.1310777431097244,0.36846723868954756
40,0.25692525837243635,0.07800691429490272,0.6650678273326609,0.31177138607493166,0.05593744975076379,0.6322911641743045,0.5440821256038647,0.04984628897672376,0.4060715854194116,0.5203804347826086,0.06016002415458937,0.41945954106280203,0.387374990600797,0.08060756447853222,0.5320174449206707,0.3764888337468983,0.06639784946236559,0.5571133167907361,0.4375705664784894,0.046155343585750436,0.5162740899357601,0.4804603854389722,0.051552462526766596,0.4679871520342612,0.5540010570824524,0.1306448202959831,0.3153541226215645,0.5129505813953489,0.0944186046511628,0.3926308139534883,0.48405663499267243,0.10686427457098284,0.40907909043634477,0.49918746749869997,0.1294526781071243,0.3713598543941757
41,0.2503691034805362,0.07715359090178193,0.6724773056176818,0.31765557163531116,0.05756050008039878,0.62478392828429,0.5461407553798858,0.05152064119455423,0.40233860342555994,0.5260416666666666,0.058876811594202896,0.4150815217391305,0.3875554552973908,0.08081058726220017,0.531633957440409,0.3836435070306038,0.0674731182795699,0.5488833746898263,0.439887093634417,0.04747907338913763,0.5126338329764454,0.48576017130620985,0.05182012847965739,0.4624197002141328,0.5356131078224101,0.12761627906976744,0.3367706131078224,0.5094622093023256,0.09578488372093023,0.39475290697674426,0.4823192927717109,0.10689973053467593,0.4107809766936132,0.4985049401976079,0.125227509100364,0.37626755070202805
42,0.24542275139236067,0.07651953690303907,0.6780577117046003,0.320459479015919,0.05927902395883582,0.6202614970252452,0.5450977162933685,0.053689064558629776,0.4012132191480018,0.529362922705314,0.058725845410628016,0.411911231884058,0.3878186329799233,0.08211895631250471,0.530062410707572,0.3894127377998346,0.06834160463192722,0.5422456575682382,0.44177535526571926,0.049776133930309524,0.5084485108039711,0.49534261241970023,0.053319057815845824,0.451338329764454,0.5159038054968287,0.12344608879492601,0.3606501057082453,0.5050436046511628,0.09622093023255814,0.398735465116279,0.48073559306008606,0.1060487874060417,0.4132156195338722,0.49801742069682786,0.11976729069162767,0.3822152886115445
43,0.24179567016035902,0.07614495168764344,0.6820593781519975,0.3204544540922978,0.06093222383019778,0.6186133220775044,0.5403765920070268,0.05786122090469916,0.40176218708827405,0.5332880434782609,0.06182065217391304,0.40489130434782605,0.3861869313482217,0.08377321603128055,0.5300398526204978,0.3935690653432589,0.068424317617866,0.5380066170388751,0.44237882032314585,0.05285185906170917,0.5047693206151449,0.5038008565310492,0.05487152034261242,0.44132762312633833,0.5015221987315011,0.11998414376321352,0.3784936575052854,0.5016569767441861,0.0961046511627907,0.40223837209302327,0.4752162813785279,0.10499692714981326,0.41978679147165887,0.49343473738949556,0.11456708268330733,0.39199817992719715
44,0.24092041982780044,0.07585076525018637,0.6832288149220132,0.3193941952082328,0.06281657018813314,0.617789234603634,0.5396629336846728,0.06389986824769434,0.3964371980676329,0.5323067632850241,0.06393417874396136,0.4037590579710145,0.3840664711632453,0.08587863749154072,0.530054891345214,0.395822994210091,0.07020264681555004,0.5339743589743591,0.44269028615923695,0.05635584971773409,0.5009538641230289,0.5101713062098501,0.055620985010706635,0.43420770877944326,0.48488900634249477,0.11710359408033827,0.398007399577167,0.49577034883720933,0.09677325581395349,0.4074563953488372,0.4687632959863849,0.10442963173072377,0.4268070722828914,0.48868954758190325,0.11193447737909516,0.39937597503900163
45,0.24202224853454957,0.07542318993114941,0.682554561534301,0.3172184032802701,0.06471096639331082,0.618070630326419,0.5328008344312692,0.07076196750109794,0.3964371980676328,0.5265700483091788,0.06672705314009662,0.4067028985507246,0.38064516129032255,0.08829987217083991,0.5310549665388375,0.39859387923904055,0.07156741108354012,0.5298387096774193,0.44105509051975855,0.059879306988514694,0.4990656024917267,0.5126873661670236,0.05813704496788009,0.4291755888650963,0.4718763213530655,0.11595137420718815,0.41217230443974634,0.48984011627906976,0.09931686046511629,0.410843023255814,0.46331489623221295,0.10142769347137522,0.4352574102964118,0.4870969838793552,0.10699427977119084,0.405908736349454
46,0.24617740355801138,0.07531355523396044,0.6785090412080281,0.31622849332690145,0.06612296993085705,0.6176485367422415,0.5269268774703557,0.07858476064997803,0.3944883618796663,0.5186443236714976,0.07155797101449275,0.4097977053140096,0.37678772840063157,0.09069102940070682,0.5325212421986616,0.39871794871794874,0.07367659222497933,0.5276054590570719,0.439887093634417,0.06330543118551683,0.4968074751800662,0.5162740899357602,0.06188436830835118,0.4218415417558886,0.46114693446088795,0.1113583509513742,0.4274947145877378,0.48123546511627907,0.10167151162790698,0.41709302325581393,0.45880017018862573,0.09778754786555098,0.4434122819458233,0.48644695787831516,0.10247659906396256,0.4110764430577223
47,0.24483803300735282,0.0752971100293821,0.679864856963265,0.3130075172857373,0.0680977649139733,0.6188947178002894,0.5193236714975845,0.08632520860781731,0.39435111989459815,0.5126811594202898,0.07706823671497584,0.41025060386473433,0.3716369651853523,0.09216482442288894,0.5361982103917587,0.3970016542597188,0.07479321753515301,0.5282051282051282,0.44002335993770686,0.0653688923496204,0.49460774771267274,0.5191113490364025,0.06418629550321199,0.4167023554603855,0.45355708245243126,0.10863636363636363,0.4378065539112051,0.467093023255814,0.1020203488372093,0.4308866279069767,0.4520044438141162,0.09417103956885549,0.4538245166170283,0.484269370774831,0.09815392615704628,0.41757670306812267
48,0.24028453858410445,0.07555475156777618,0.6841607098481194,0.3091936002572761,0.06990171249397009,0.6209046872487538,0.5102382520860782,0.09401075977162934,0.3957509881422925,0.5101902173913043,0.08469202898550725,0.40511775362318847,0.36862922024212347,0.09335288367546433,0.5380178960824122,0.3978701406120761,0.07677832919768404,0.5253515301902398,0.43733696710142106,0.06632275647264942,0.49634027642592954,0.5200749464668094,0.06461456102783726,0.41531049250535335,0.4442653276955602,0.10721458773784355,0.44852008456659626,0.46078488372093024,0.1017296511627907,0.437485465116279,0.44438141162010114,0.09106273341842765,0.4645558549614712,0.4763715548621945,0.09435127405096204,0.4292771710868435
49,0.23505313628323757,0.07587634667953047,0.689070517037232,0.30350036179450074,0.07119311786460845,0.6253065203408907,0.5033212560386473,0.09886912604303909,0.3978096179183136,0.5049064009661836,0.08763586956521739,0.40745772946859904,0.36338822467854726,0.0944055944055944,0.5422061809158584,0.3967948717948718,0.07863937138130686,0.5245657568238213,0.4360327039127896,0.0670235546038544,0.49694374148335596,0.520289079229122,0.06627408993576017,0.41343683083511784,0.4375634249471459,0.10550211416490488,0.45693446088794926,0.4543023255813953,0.10113372093023255,0.44456395348837213,0.43834207913771095,0.0883917174868813,0.4732662033754077,0.46896125845033804,0.09249869994799792,0.438540041601664
50,0.2314242278062828,0.0756369775906679,0.6929387946030493,0.29968644476603956,0.07281616819424344,0.627497387039717,0.4997804128238911,0.10232762406675451,0.3978919631093544,0.502566425120773,0.09035326086956522,0.4070803140096618,0.3626438078050981,0.09427776524550717,0.5430784269493948,0.3977460711331679,0.08006617038875104,0.522187758478081,0.4351372396340276,0.06811368503017325,0.49674907533579915,0.5231263383297644,0.06632762312633833,0.41054603854389726,0.4323255813953488,0.10271670190274841,0.4649577167019028,0.449578488372093,0.10049418604651163,0.44992732558139537,0.43294095400179644,0.0848697584267007,0.4821892875715028,0.46012090483619345,0.0907111284451378,0.4491679667186687
51,0.23133286555862534,0.0749462789983774,0.6937208554429973,0.29766642547033284,0.07439901913490915,0.6279345553947581,0.49958827404479583,0.10295893719806763,0.3974527887571366,0.5036986714975845,0.09269323671497584,0.4036080917874396,0.3664185277088503,0.09329272877659975,0.5402887435145499,0.4000206782464847,0.08056244830438379,0.5194168734491316,0.4355071053143858,0.06706248783336578,0.49743040685224843,0.5231263383297644,0.0671306209850107,0.40974304068522494,0.4322198731501057,0.09968816067653277,0.4680919661733616,0.4496366279069767,0.0979360465116279,0.45242732558139537,0.432113648182291,0.08216328653146125,0.4857230652862478,0.45579823192927715,0.08993109724388976,0.45427067082683303
52,0.23469865076232657,0.07362152640734407,0.6916798228303294,0.2982543415340087,0.07516783244894677,0.6265778260170445,0.5026624945103205,0.1038372859025033,0.3935002195871762,0.5079257246376812,0.09397644927536232,0.39809782608695654,0.3739905256034289,0.09142792691179787,0.5345815474847733,0.40130272952853596,0.08081058726220017,0.5178866832092639,0.4372007007981312,0.06544675880864317,0.49735254039322563,0.5235010706638116,0.06638115631691649,0.4101177730192719,0.43013742071881605,0.09676532769556025,0.4730972515856237,0.4481686046511628,0.09648255813953488,0.4553488372093023,0.4308608707984683,0.08036685103767786,0.4887722781638539,0.45677327093083725,0.09149115964638585,0.4517355694227769
53,0.23873686210878686,0.07217069391454341,0.6890924439766697,0.30148536742241516,0.07607231870075574,0.6224423138768291,0.5060935441370225,0.10249231444883618,0.3914141414141413,0.5105676328502415,0.09193840579710146,0.397493961352657,0.382051282051282,0.08929242800210542,0.5286562899466125,0.4040736145574855,0.08029363110008271,0.5156327543424317,0.4402764259295308,0.06420089546427876,0.4955226786061904,0.5278372591006424,0.06825481798715204,0.40390792291220556,0.4314164904862579,0.09438689217758986,0.4741966173361522,0.4487063953488372,0.09517441860465116,0.45611918604651164,0.43019902614286387,0.07956318252730109,0.490237791329835,0.452840613624545,0.09227119084763391,0.4548881955278211
54,0.24125115116432047,0.07043481120905144,0.688314037626628,0.30592739990352147,0.0766451599935681,0.6174274401029104,0.5088383838383839,0.09911616161616162,0.3920454545454545,0.5144927536231884,0.09186292270531402,0.3936443236714976,0.38811940747424617,0.08736747123843898,0.5245131212873149,0.4094913151364764,0.07975599669148056,0.510752688172043,0.4421452209460775,0.06250729998053339,0.4953474790733891,0.5314775160599572,0.06498929336188437,0.4035331905781584,0.43088794926004226,0.09261627906976744,0.4764957716701903,0.4450290697674419,0.09146802325581395,0.4635029069767442,0.4292771710868435,0.07827494917978538,0.4924478797333711,0.45375065002600107,0.09220618824752991,0.454043161726469
55,0.24102822728003626,0.06870075574851263,0.6902710169714511,0.3078519456504261,0.07684615693841454,0.6153018974111593,0.5139712340799297,0.09645366710584101,0.38957509881422925,0.5224184782608695,0.09042874396135266,0.3871527777777778,0.3913978494623656,0.08453267162944582,0.5240694789081886,0.41552936311000827,0.07925971877584781,0.505210918114144,0.4436246836675102,0.061300369865680354,0.4950749464668095,0.5357066381156317,0.06338329764453962,0.40091006423982867,0.4347093023255814,0.08974101479915433,0.4755496828752643,0.44726744186046513,0.09040697674418605,0.4623255813953488,0.4376211412092847,0.078003120124805,0.48437573866591027,0.4655811232449298,0.09191367654706188,0.4425052002080084
56,0.2401310500080399,0.06704709906591237,0.6928218509260478,0.3103392828429008,0.07726322559897089,0.6123974915581283,0.5188296003513394,0.09403820816864294,0.38713219148001765,0.5295893719806763,0.08733393719806763,0.38307669082125606,0.3944356718550267,0.08284833446123768,0.5227159936837357,0.41906534325889166,0.07977667493796527,0.5011579818031431,0.44564921160210236,0.06040490558691843,0.4939458828109792,0.5385974304068523,0.06407922912205567,0.3973233404710921,0.43711416490486255,0.08973572938689219,0.4731501057082452,0.44834302325581393,0.08811046511627907,0.463546511627907,0.4595565640807451,0.07567484517562521,0.46476859074362975,0.4904446177847114,0.08954108164326573,0.42001430057202294
57,0.24033204695288632,0.06567849259600345,0.6939894604511102,0.31360045827303423,0.07714765235568419,0.6092518893712815,0.5236056214317084,0.09082674571805006,0.38556763285024154,0.5292874396135265,0.08725845410628019,0.3834541062801933,0.396766674186029,0.0812316715542522,0.5220016542597188,0.42121588089330025,0.07948717948717948,0.4992969396195203,0.44629160988904026,0.06058010511971969,0.49312828499124006,0.5426659528907923,0.06461456102783726,0.3927194860813704,0.4398520084566596,0.08776955602536998,0.47237843551797043,0.4495203488372093,0.08617732558139535,0.46430232558139534,0.4657731763816007,0.07585212499409068,0.45837469862430863,0.4952223088923557,0.08824102964118564,0.4165366614664587
58,0.24142108494496337,0.06412350714087328,0.6944554079141634,0.31741940022511655,0.07777074288470816,0.6048098568901752,0.5279973649538867,0.0882465963987703,0.383756038647343,0.5344202898550725,0.08491847826086957,0.38066123188405787,0.39879690202270845,0.08041958041958042,0.5207835175577111,0.42437965260545907,0.08081058726220017,0.4948097601323408,0.4500291999221335,0.06071637142300954,0.4892544286548569,0.5450214132762312,0.06450749464668094,0.39047109207708786,0.44464587737843553,0.08554968287526428,0.46980443974630015,0.4516424418604651,0.08449127906976744,0.4638662790697675,0.4727580012291401,0.07353566869947525,0.45370633007138467,0.5045826833073322,0.08778601144045761,0.40763130525221014
59,0.2436028154190238,0.06323729333859579,0.6931598912423804,0.32094187168355043,0.07856468081685158,0.600493447499598,0.5317852437417655,0.08896025472112429,0.37925450153711016,0.5359299516908212,0.09141002415458938,0.3726600241545893,0.3989247311827957,0.08157004286036544,0.5195052259568389,0.4262613730355666,0.0825889164598842,0.4911497105045492,0.4516838621763676,0.06305236519369281,0.4852637726299396,0.5486081370449679,0.06825481798715204,0.38313704496788004,0.4549630021141649,0.08790697674418604,0.4571300211416491,0.4580959302325581,0.08513081395348837,0.45677325581395356,0.47916371200302554,0.0731574717534156,0.4476788162435589,0.5111804472178887,0.08531591263650547,0.4035036401456058
60,0.2474528205353097,0.06341270885409815,0.6891344706105922,0.3251276330599775,0.07980081202765718,0.5950715549123653,0.5322793148880106,0.09777119016249451,0.3699494949494949,0.5322312801932367,0.10009057971014493,0.36767814009661837,0.4003609293931874,0.08648770584254456,0.513151364764268,0.4261993382961125,0.08730355665839537,0.4864971050454921,0.4513723963402764,0.0728440724158069,0.47578353124391665,0.5492505353319058,0.0778372591006424,0.37291220556745175,0.4634249471458774,0.09069767441860466,0.44587737843551795,0.4654796511627907,0.08652616279069768,0.4479941860465116,0.4800501110953529,0.07470571550134733,0.4452441734032998,0.5137155486219449,0.08612844513780551,0.4001560062402496
61,0.250904486251809,0.06348397140727097,0.6856115423409199,0.32774561826660237,0.08057465026531596,0.5916797314680817,0.5329655248133509,0.10114734299516909,0.36588713219148006,0.5285326086956522,0.10424214975845411,0.36722524154589364,0.3992104669524024,0.09105195879389427,0.5097375742537034,0.4261166253101737,0.09112903225806451,0.48275434243176185,0.4487638699630134,0.0792485886704302,0.47198754136655646,0.5471627408993576,0.08361884368308352,0.36921841541755895,0.47867336152219875,0.09078224101479916,0.4305443974630021,0.4738081395348837,0.08795058139534884,0.43824127906976745,0.47947099702169904,0.07677398005011109,0.4437550229281899,0.5136505460218409,0.08817602704108164,0.39817342693707747
62,0.25446030493063776,0.06342367232381704,0.6821160227455452,0.3317957067052581,0.08259466956102267,0.5856096237337192,0.5336791831357048,0.10265700483091787,0.3636638120333773,0.5307971014492754,0.10597826086956522,0.3632246376811594,0.3972629521016618,0.09445822994210092,0.5082788179562372,0.42541356492969395,0.09528535980148883,0.47930107526881716,0.44648627603659724,0.08508857309713841,0.4684251508662643,0.550321199143469,0.08832976445396146,0.36134903640256955,0.4957716701902749,0.08864693446088795,0.4155813953488371,0.47896802325581395,0.08838662790697674,0.43264534883720934,0.47076064860776246,0.07852314092563703,0.4507162104666005,0.5058502340093604,0.08950858034321373,0.4046411856474259
63,0.25874519434577326,0.06365025069800757,0.6776045549562192,0.3349714584338318,0.08369512783405693,0.5813334137321112,0.5364789196310935,0.10375494071146245,0.3597661396574441,0.5304196859903382,0.11005434782608696,0.3595259661835749,0.39503722084367243,0.09743589743589744,0.5075268817204301,0.4262406947890819,0.09702233250620347,0.4767369727047146,0.44611641035623906,0.08907922912205568,0.46480436052170526,0.5529978586723768,0.08918629550321198,0.35781584582441117,0.5198044397463002,0.08709302325581396,0.3931025369978859,0.4881976744186047,0.08848837209302325,0.42331395348837203,0.4624521344490143,0.08010684063726185,0.4574410249137239,0.49912246489859596,0.09165366614664587,0.4092238689547582
64,0.26798922656375623,0.06357167916502215,0.6684390942712216,0.33931801736613604,0.08511718121884547,0.5755648014150185,0.5393610013175231,0.1021354852876592,0.3585035133948177,0.5302687198067633,0.11314915458937198,0.3565821256038647,0.3946612527257688,0.09989472892698699,0.5054440183472442,0.4293631100082713,0.09871794871794871,0.47191894127378,0.4494841347089741,0.09133735643371618,0.4591785088573097,0.5558351177730193,0.09245182012847966,0.35171306209850106,0.5396934460887949,0.08580338266384778,0.3745031712473573,0.4908575581395349,0.08518895348837209,0.423953488372093,0.45349359428922614,0.08141871129390629,0.46508769441686754,0.49301222048881954,0.09295371814872595,0.41403406136245446
65,0.2790166498560131,0.06305456884328085,0.657928781300706,0.3419611271908667,0.08644878597845312,0.5715900868306802,0.5440272288098374,0.10216293368467282,0.3538098375054898,0.5314009661835749,0.11405495169082126,0.35454408212560384,0.3948642755094368,0.10113542371606887,0.5040003007744943,0.4313895781637717,0.09931761786600496,0.4692928039702234,0.4533190578158458,0.09106482382713646,0.45561611835701776,0.5610278372591007,0.09004282655246253,0.3489293361884368,0.5648731501057083,0.0841754756871036,0.35095137420718814,0.4987063953488372,0.08383720930232558,0.41745639534883716,0.4452678107124285,0.08401881529806647,0.4707133739895051,0.48514690587623505,0.09792641705668227,0.4169266770670827
66,0.296525310997091,0.06294676139104503,0.640527927611864,0.3467448544782119,0.08812208554429973,0.5651330599774884,0.5447408871321915,0.10054347826086957,0.3547156346069389,0.5301932367149759,0.11405495169082126,0.3557518115942029,0.3934731934731935,0.10091736220768478,0.5056094443191217,0.42892886683209264,0.10072373862696443,0.470347394540943,0.4559081175783531,0.08979949386801635,0.4542923885536306,0.5660064239828694,0.08918629550321198,0.3448072805139186,0.5870718816067654,0.08107822410147991,0.3318498942917547,0.5027180232558139,0.08236918604651162,0.4149127906976744,0.4356119699333428,0.08827353094123765,0.47611449912541953,0.47767160686427457,0.10215158606344253,0.4201768070722829
67,0.3125520764811648,0.06309659547720328,0.624351328041632,0.35025727608940344,0.09048882456986654,0.5592538993407301,0.5445212999560826,0.10018664909969258,0.3552920509442249,0.5308725845410628,0.11526268115942029,0.3538647342995169,0.39251823445371836,0.10142115948567562,0.506060606060606,0.4307692307692308,0.10254342431761787,0.46668734491315134,0.46104730387385634,0.08604243722016741,0.4529102589059763,0.5697002141327623,0.08934689507494646,0.3409528907922913,0.6126691331923889,0.0786416490486258,0.3086892177589853,0.5074273255813954,0.08200581395348837,0.41056686046511626,0.4223041648938685,0.09269370774830993,0.4850021273578216,0.46506110244409776,0.10891185647425897,0.4260270410816433
68,0.3408268648861992,0.06427516847198468,0.5948979666418162,0.3545133863965268,0.0935439781315324,0.5519426354719408,0.5411725955204216,0.10046113306982873,0.35836627140974964,0.5252113526570048,0.12047101449275362,0.35431763285024154,0.40175953079178883,0.10218061508384088,0.49605985412437026,0.43234077750206784,0.10372208436724566,0.46393713813068654,0.4723184738174031,0.08057231847381739,0.4471092077087795,0.5766059957173447,0.0873661670235546,0.3360278372591007,0.6323890063424947,0.07556553911205074,0.2920454545454545,0.5067441860465116,0.07978197674418605,0.4134738372093023,0.4068926393419373,0.09753935611969933,0.49556800453836336,0.44884295371814875,0.11615964638585544,0.43499739989599584
69,0.35134631408148054,0.0660348053618676,0.5826188805566519,0.354427962694967,0.09728252130567615,0.5482895159993568,0.533953667105841,0.09941809398331136,0.3666282389108476,0.5184178743961353,0.12567934782608695,0.3559027777777778,0.40215805699676666,0.1003759681179036,0.49746597488532973,0.43072787427626136,0.10442514474772539,0.4648469809760133,0.4769125948997469,0.07259100642398288,0.4504963986762702,0.5788543897216274,0.08501070663811564,0.336134903640257,0.6473572938689217,0.07341437632135307,0.27922832980972523,0.507078488372093,0.07770348837209302,0.4152180232558139,0.3926038859736208,0.10316503569233677,0.5042310783340425,0.4323647945917837,0.12369994799791992,0.4439352574102964
70,0.3680802233624231,0.069084477188674,0.5628352994489029,0.35001607975558774,0.10075474352789837,0.5492291767165138,0.5302481335090031,0.10142182696530523,0.36833003952569165,0.508756038647343,0.1286231884057971,0.3626207729468599,0.4071734716896007,0.1006165877133619,0.4922099405970374,0.4273779983457403,0.10556244830438379,0.4670595533498759,0.48549737200700804,0.06714035429238856,0.44736227370060344,0.5787473233404711,0.08137044967880086,0.3398822269807281,0.6512156448202959,0.07076109936575052,0.2780232558139536,0.500218023255814,0.07561046511627907,0.4241715116279069,0.3793551742069683,0.10862525410107313,0.5120195716919586,0.41517160686427457,0.1311102444097764,0.45371814872594907
71,0.3656901869637036,0.07258730576386148,0.5617225072724349,0.33972503617945005,0.10527214986332208,0.5550028139572278,0.5180610452349582,0.10111989459815547,0.38081906016688627,0.49894323671497587,0.1330012077294686,0.36805555555555547,0.4032107677268968,0.09916535077825402,0.49762388149484915,0.4227667493796526,0.10632754342431762,0.4709057071960298,0.48781389916293555,0.061125170332879106,0.45106093050418533,0.5857066381156317,0.07826552462526766,0.33602783725910057,0.6504175475687104,0.06897463002114164,0.2806078224101479,0.49444767441860465,0.07466569767441861,0.4308866279069767,0.36461731196520586,0.11364818229092799,0.5217345057438662,0.40249609984399376,0.1360179407176287,0.4614859594383775
72,0.36085164232776384,0.07795392419126139,0.5611944334809749,0.32641401350699467,0.10946796108699147,0.5641180254060139,0.5083168642951251,0.10268445322793147,0.38899868247694336,0.4876207729468599,0.13496376811594202,0.3774154589371981,0.39794721407624634,0.09799233025039476,0.5040604556733589,0.4148676592224979,0.10806451612903226,0.47706782464846986,0.4883200311465836,0.057465446758808644,0.4542145220946078,0.583779443254818,0.07237687366167024,0.34384368308351176,0.6404439746300211,0.06965644820295983,0.2898995771670191,0.4810901162790698,0.07335755813953489,0.4455523255813953,0.35011582281473075,0.1179974471706141,0.5318867300146551,0.3862454498179927,0.14076313052522102,0.47299141965678626
73,0.34768634244032215,0.08445708897952024,0.5678565685801577,0.3107362518089725,0.11461850779868146,0.5746452403923461,0.49714536671058407,0.10488032498902064,0.39797430830039526,0.4797705314009662,0.14002113526570048,0.3802083333333333,0.390397774268742,0.09890217309572148,0.5107000526355365,0.40636889991728703,0.10841604631927212,0.4852150537634408,0.4880280319252482,0.054448121471676075,0.4575238466030757,0.582119914346895,0.07039614561027838,0.34748394004282657,0.6249418604651162,0.07346194503171247,0.3015961945031713,0.4685029069767442,0.07421511627906976,0.4572819767441861,0.3390771994516144,0.12007753037394223,0.5408452701744434,0.3719448777951118,0.14472828913156527,0.48332683307332286
74,0.3305449575348273,0.09137686561709717,0.5780781768480756,0.2961689982312269,0.11932686123170928,0.5845041405370638,0.4830368906455863,0.11122090469916557,0.40574220465524813,0.46542874396135264,0.14756944444444445,0.38700181159420294,0.3792991954282277,0.10104519136777203,0.5196556132040002,0.3949751861042184,0.11027708850289496,0.49474772539288664,0.4852832392446954,0.05314385828304458,0.46157290247226,0.5737687366167024,0.06895074946466809,0.3572805139186296,0.6025739957716703,0.07630549682875265,0.3211205073995771,0.4509156976744186,0.07390988372093023,0.4751744186046512,0.32847586630737957,0.12180305394033943,0.549721079752281,0.3581643265730629,0.14768590743629745,0.4941497659906396
75,0.3104087181511205,0.09866026400035084,0.5909310178485286,0.28223488502974753,0.12420606206785657,0.593559052902396,0.4690656565656566,0.11753403601229688,0.4134003074220466,0.4483695652173913,0.15708031400966183,0.3945501207729469,0.3675464320625611,0.10339875178584855,0.5290548161515903,0.38517369727047146,0.11377171215880894,0.5010545905707197,0.4828109791707222,0.053377457660112905,0.4638115631691649,0.5683083511777302,0.07173447537473233,0.3599571734475375,0.5792389006342494,0.08114693446088796,0.3396141649048626,0.43616279069767444,0.07434593023255814,0.48949127906976736,0.319765517893443,0.12263035975984493,0.5576041223467121,0.34925897035881437,0.14866094643785752,0.5020800832033281
76,0.29145470625210135,0.10608253300004386,0.6024627607478548,0.27006954494291685,0.12919078630004824,0.600739668757035,0.45750988142292487,0.12431379007465965,0.41817632850241554,0.4353864734299517,0.16696859903381642,0.3976449275362319,0.3545604932701707,0.10663207759981955,0.5388074291300098,0.37471050454921423,0.11701819685690654,0.5082712985938793,0.476970994744014,0.053669456881448314,0.4693595483745377,0.560813704496788,0.0759100642398287,0.36327623126338326,0.5485412262156447,0.08632135306553912,0.36513742071881616,0.41901162790697677,0.07515988372093023,0.505828488372093,0.31314707133739894,0.12401314234387557,0.5628397863187254,0.3390860634425377,0.1515535621424857,0.5093603744149766
77,0.2745782718648131,0.11334400444385972,0.6120777236913272,0.2599493487698987,0.13409008683068016,0.6059605643994211,0.44540513833992096,0.13661067193675888,0.41798418972332013,0.42089371980676327,0.17723429951690822,0.40187198067632846,0.3427776524550718,0.11093315286863674,0.5462891946762916,0.36329611248966087,0.121712158808933,0.5149917287014061,0.47097527739926026,0.05670624878333658,0.4723184738174032,0.551338329764454,0.08072805139186295,0.36793361884368314,0.5155919661733616,0.09165433403805497,0.39275369978858343,0.4023982558139535,0.07789244186046512,0.5197093023255813,0.30683590980002834,0.12398950503474684,0.5691745851652248,0.3327158086323453,0.15369864794591784,0.5135855434217369
78,0.2592842316069523,0.12037158853367247,0.6203441798593752,0.24930656054027978,0.1392104840006432,0.611482955459077,0.43209266578831795,0.1480566534914361,0.419850680720246,0.4084390096618358,0.18719806763285024,0.40436292270531404,0.32996465899691707,0.11557259944356718,0.5544627415595157,0.35140612076095945,0.12888751033912324,0.5197063688999173,0.46678995522678607,0.059061709168775546,0.4741483356044384,0.5466809421841542,0.08426124197002141,0.3690578158458244,0.47911205073995766,0.09334038054968288,0.4275475687103595,0.38482558139534884,0.07802325581395349,0.5371511627906976,0.29786555098567574,0.12507682125466837,0.577057627759656,0.3213728549141966,0.15337363494539782,0.5252535101404057
79,0.24536427955385987,0.1272402023125612,0.627395518133579,0.24190484804630968,0.14430073162887924,0.6137944203248111,0.4161176987263944,0.1614240228370663,0.4224582784365393,0.39402173913043476,0.20191727053140096,0.4040609903381643,0.31846003458906685,0.12052785923753666,0.5610121061733966,0.3398883374689826,0.13490488006617038,0.525206782464847,0.46054117189020827,0.06153396924274869,0.47792485886704306,0.5374732334047109,0.08779443254817987,0.37473233404710926,0.4451797040169133,0.0952061310782241,0.4596141649048626,0.36818313953488374,0.07867732558139535,0.5531395348837209,0.28908429064435304,0.12429679005342033,0.5866189193022266,0.313020020800832,0.15236609464378575,0.5346138845553823
80,0.23460363402476284,0.13398273618968265,0.6314136297855546,0.23586488985367424,0.14944625341694806,0.6146888567293777,0.4005270092226614,0.18225735617039965,0.417215634606939,0.3773399758454106,0.22743055555555555,0.3952294685990338,0.30791788856304986,0.12709226257613354,0.5649898488608167,0.33103804797353187,0.1435070306038048,0.5254549214226634,0.45596651742262023,0.06402569593147751,0.4800077866459022,0.5287473233404711,0.09164882226980728,0.37960385438972155,0.40744714587737846,0.09490486257928117,0.49764799154334033,0.34734011627906974,0.07927325581395349,0.5733866279069768,0.27780929418994943,0.1250413652909753,0.5971493405190753,0.3004420176807072,0.1517810712428497,0.5477769110764431
81,0.22420112850648308,0.13999985382040375,0.6357990176731132,0.2288299967840489,0.15515959157420808,0.616010411641743,0.38603425559947296,0.19773825208607818,0.41622749231444883,0.3630736714975845,0.24373490338164253,0.393191425120773,0.29853372434017594,0.13119783442364089,0.5702684412361831,0.3227460711331679,0.14989660876757652,0.5273573200992556,0.4501654662254234,0.06715982090714424,0.48267471286743235,0.5210385438972163,0.09320128479657387,0.3857601713062099,0.37452959830866805,0.09347251585623678,0.5319978858350951,0.32892441860465116,0.08026162790697675,0.5908139534883721,0.26388691911312817,0.1270623552214816,0.6090507256653903,0.28656396255850236,0.15506370254810192,0.5583723348933958
82,0.21462636495198,0.14482743498662456,0.6405462000613955,0.22185037787425632,0.16040058691107895,0.6177490352146647,0.3689613526570048,0.21030961791831357,0.4207290294246816,0.34624094202898553,0.25898248792270534,0.3947765700483091,0.28799909767651705,0.1358974358974359,0.5761034664260472,0.3131927212572374,0.15407361455748553,0.5327336641852771,0.44477321393809616,0.06885341639088963,0.48637336967101424,0.515203426124197,0.09705567451820128,0.3877408993576017,0.3441120507399577,0.09045454545454545,0.5654334038054969,0.3092732558139535,0.07979651162790698,0.6109302325581395,0.24673805134023544,0.12865787358767078,0.6246040750720938,0.2709958398335933,0.15821632865314614,0.5707878315132605
83,0.20521605344326038,0.14942843777865486,0.6453555087780847,0.21315726000964785,0.1660184515195369,0.6208242884708153,0.3522727272727273,0.22359464207290294,0.4241326306543698,0.3300875603864734,0.2736262077294686,0.3962862318840579,0.2773667193022032,0.13835626738852547,0.5842770133092714,0.30483870967741933,0.16040115798180316,0.5347601323407775,0.4386801635195639,0.06945688144831615,0.4918629550321199,0.5092077087794432,0.09823340471092078,0.392558886509636,0.3171987315010571,0.08810782241014799,0.5946934460887949,0.2913662790697674,0.08120639534883721,0.6274273255813954,0.23058195055074932,0.1308443246820782,0.6385737247671726,0.2551027041081643,0.16302652106084242,0.5818707748309933
84,0.19629909807189114,0.15388874270929262,0.6498121592188162,0.2033687087956263,0.17114889853674223,0.6254823926676315,0.3377525252525253,0.23836187966622752,0.42388559508124724,0.31257548309178745,0.28932669082125606,0.3980978260869565,0.2706444093540868,0.14152191894127378,0.5878336717046395,0.29712572373862695,0.16486765922249794,0.5380066170388751,0.4348257737979366,0.06990461358769709,0.49526961261436636,0.5044967880085653,0.10048179871520342,0.3950214132762312,0.29196088794926006,0.08906448202959831,0.6189746300211416,0.26920058139534886,0.08468023255813953,0.6461191860465116,0.21392946626955986,0.13643454829102256,0.6496359854394176,0.23963208528341134,0.16445657826313054,0.5959113364534581
85,0.1867955970705609,0.15745917934774664,0.6557452235816924,0.19305756552500403,0.1762793455539476,0.6306630889210485,0.320899209486166,0.2537604303908652,0.42534036012296883,0.2972524154589372,0.3039704106280193,0.39877717391304346,0.26218512670125577,0.1434017595307918,0.5944131137679525,0.2883995037220844,0.16796939619520265,0.543631100082713,0.42894685614171696,0.07064434494841347,0.5004087989098696,0.4980728051391863,0.10176659528907923,0.40016059957173444,0.2702536997885835,0.0863953488372093,0.6433509513742072,0.25065406976744187,0.08421511627906977,0.6651308139534884,0.20118895664917505,0.13781733087505318,0.6609937124757718,0.22458398335933438,0.1639690587623505,0.6114469578783152
86,0.17712764402344722,0.16023841892148694,0.6626339370550658,0.18208313233638848,0.1795204212895964,0.638396446374015,0.3036890645586298,0.26660628019323673,0.42970465524813345,0.28026871980676327,0.317481884057971,0.4022493961352658,0.2532746823069404,0.14526656139559366,0.6014587562974659,0.2785153019023987,0.17133995037220845,0.5501447477253929,0.4230095386412303,0.07035234572707806,0.5066381156316917,0.4883297644539615,0.10203426124197001,0.4096359743040685,0.24891120507399575,0.0842600422832981,0.6668287526427061,0.23223837209302325,0.08264534883720931,0.6851162790697675,0.1868411100080367,0.13799461069351865,0.6751642792984447,0.2110634425377015,0.16569162766510662,0.6232449297971919
87,0.16728610270578434,0.16258277419637768,0.670131123097838,0.17204835986493006,0.18196253416948063,0.6459891059655893,0.287796442687747,0.2761308739569609,0.4360726833552921,0.26509661835748793,0.3285778985507246,0.40632548309178745,0.24552221971576813,0.14625911722685916,0.6082186630573727,0.2684449958643507,0.1728287841191067,0.5587262200165426,0.41720848744403344,0.07068327817792486,0.5121082343780416,0.4814775160599572,0.10433618843683083,0.414186295503212,0.22960359408033826,0.0814323467230444,0.6889640591966173,0.21696220930232557,0.08139534883720931,0.7016424418604651,0.1757552120266629,0.13733276603791422,0.6869120219354229,0.1982254290171607,0.16676417056682266,0.6350104004160166
88,0.1582485491675072,0.1638435732140508,0.677907877618442,0.1636617623412124,0.18343986171410195,0.6528983759446856,0.2736605182257356,0.2826910408432147,0.44364844093104966,0.2503774154589372,0.3365036231884058,0.413118961352657,0.2375366568914956,0.14792089630799307,0.6145424468005113,0.26251033912324234,0.17462779156327543,0.5628618693134821,0.41082343780416586,0.07136460969437414,0.5178119525014601,0.4752141327623126,0.10610278372591006,0.4186830835117773,0.20729915433403806,0.07941331923890065,0.7132875264270613,0.19555232558139535,0.08,0.7244476744186047,0.1649884177185269,0.13663546541861674,0.6983761168628564,0.18798751950078002,0.16656916276651065,0.6454433177327092
89,0.1479958777353857,0.1643204841468228,0.6876836381177915,0.15450132657983598,0.18439459720212253,0.6611040762180415,0.2585913482652613,0.2882905138339921,0.4531181379007465,0.23528079710144928,0.34450483091787437,0.4202143719806763,0.2286412512218964,0.14825926761410632,0.6230994811639973,0.25225392886683207,0.17526881720430107,0.5724772539288668,0.4025890597625073,0.07325287132567646,0.5241580689118162,0.4649357601713062,0.10749464668094219,0.42756959314775156,0.18474630021141647,0.078446088794926,0.7368076109936575,0.1739825581395349,0.08223837209302326,0.7437790697674418,0.15568713657637215,0.13457901952441734,0.7097338438992106,0.1768720748829953,0.16474908996359855,0.6583788351534061
90,0.13793689426829803,0.16421633118449327,0.6978467745472087,0.14438113040681783,0.1840378276250201,0.671581041968162,0.2422321036451471,0.29485068072024595,0.46291721563460686,0.22486413043478262,0.3492602657004831,0.42587560386473433,0.21923452891194825,0.14789081885856079,0.6328746522294909,0.24307278742762614,0.17630272952853598,0.5806244830438378,0.3929141522289274,0.07525793264551295,0.5318279151255596,0.4588865096359743,0.11134903640256959,0.4297644539614561,0.15802854122621565,0.07832452431289641,0.7636469344608879,0.15010174418604652,0.0829796511627907,0.7669186046511628,0.1461494823429301,0.13174254242896988,0.7221079752281,0.16439157566302653,0.16325403016120646,0.672354394175767
91,0.1288134602172229,0.16487413936762707,0.70631240041515,0.13587895963981347,0.18448002090368226,0.6796410194565042,0.228645147123408,0.3052810715854194,0.4660737812911726,0.21278683574879226,0.3546195652173913,0.4325935990338164,0.21009098428453268,0.14949996240318822,0.6404090533122792,0.23378825475599668,0.17768817204301074,0.5885235732009926,0.3835117773019272,0.08068911816235157,0.5357991045357212,0.4483404710920771,0.11579229122055675,0.4358672376873661,0.13434989429175476,0.08778541226215646,0.7778646934460889,0.13040697674418605,0.09748546511627906,0.7721075581395349,0.1377109629839739,0.13050158369971163,0.7317874533163145,0.15577873114924598,0.1639040561622465,0.6803172126885075
92,0.11986361443669692,0.16578045286438917,0.714355932698914,0.12919078630004824,0.18559052902395884,0.685218684675993,0.21467391304347827,0.3163153271848924,0.4690107597716293,0.20025664251207728,0.3615640096618358,0.4381793478260869,0.2014286788480337,0.15416196706519286,0.6444093540867735,0.22367659222497932,0.18275434243176178,0.5935690653432588,0.37015767957952117,0.09443254817987153,0.5354097722406073,0.4317987152034261,0.13067451820128478,0.43752676659528916,0.10850951374207188,0.11742600422832981,0.7740644820295983,0.10415697674418604,0.13918604651162791,0.7566569767441861,0.1317307237744055,0.13358625254101072,0.7346830236845837,0.15122854914196568,0.16676417056682266,0.6820072802912116
93,0.11128652662661347,0.16517928927480302,0.7235341840985836,0.12152275285415662,0.18450514552178807,0.6939721016240553,0.19839701361440493,0.3227657004830918,0.47883728590250335,0.18712258454106281,0.36096014492753625,0.45191727053140096,0.1896984735694413,0.15753816076396723,0.6527633656665914,0.213151364764268,0.18641439205955335,0.6004342431761787,0.35170332879112326,0.10679384854973721,0.5415028226591396,0.4176659528907923,0.14170235546038543,0.44063169164882227,0.08737315010570824,0.11497357293868922,0.7976532769556025,0.08411337209302326,0.13751453488372092,0.7783720930232558,0.12369403867063775,0.13238074977544556,0.7439252115539167,0.14463078523140926,0.16611414456578263,0.6892550702028081
94,0.10345860924732125,0.16352380534724964,0.733017585405429,0.1154626949670365,0.18258059977488342,0.7019567052580801,0.18187307861220905,0.32938076416337286,0.48874615722441817,0.17881944444444445,0.36209239130434784,0.4590881642512077,0.17936686968945034,0.1603654410106023,0.6602676892999473,0.20308105872622,0.18848221670802315,0.6084367245657569,0.33681136850301735,0.11849328401790929,0.5446953474790734,0.40572805139186296,0.1509100642398287,0.44336188436830837,0.07060253699788582,0.10988372093023256,0.8195137420718817,0.0679796511627907,0.13338662790697675,0.7986337209302325,0.11733560251500968,0.1297451898075923,0.7529192076773981,0.14040561622464898,0.1623114924596984,0.6972828913156526
95,0.096008931573331,0.15996067768860822,0.7440303907380608,0.109452886316128,0.17824911561344267,0.7122979980704293,0.16466293368467283,0.32910628019323673,0.5062307861220905,0.16394927536231885,0.35733695652173914,0.478713768115942,0.1671403864952252,0.1596135047747951,0.6732461087299797,0.19267990074441688,0.18647642679900744,0.6208436724565757,0.31530075919797546,0.12252287327233793,0.5621763675296867,0.3836723768736617,0.15455032119914347,0.46177730192719485,0.055290697674418604,0.1074154334038055,0.8372938689217758,0.05299418604651163,0.13267441860465115,0.8143313953488373,0.10945255992057863,0.12532501300052,0.7652224270789013,0.1327028081123245,0.15841133645345815,0.7088858554342173
96,0.09160344399128768,0.16167646069961555,0.7467200953090968,0.10732231870075574,0.18118367100820068,0.7114940102910436,0.1497859025032938,0.3373956960913483,0.512818401405358,0.15564613526570048,0.3639794685990338,0.48037439613526567,0.15906459132265582,0.16516279419505225,0.675772614482292,0.1880893300248139,0.19305210918114143,0.6188585607940447,0.29525014599961064,0.13875802997858672,0.5659918240218027,0.3634368308351178,0.1748394004282655,0.4617237687366167,0.04879492600422833,0.10637420718816068,0.844830866807611,0.04828488372093023,0.13114825581395348,0.8205668604651163,0.109464378575143,0.1265186971115208,0.7640169243133361,0.13257280291211648,0.15672126885075402,0.7107059282371295
