,Private car_P1_workday,Private car_P2_workday,Private car_P3_workday,Taxi_P1_workday,Taxi_P2_workday,Taxi_P3_workday,Official car_P1_workday,Official car_P2_workday,Official car_P3_workday,Rental car_P1_workday,Rental car_P2_workday,Rental car_P3_workday,Bus_P1_workday,Bus_P2_workday,Bus_P3_workday,SPV_P1_workday,SPV_P2_workday,SPV_P3_workday,Private car_P1_weekend & holiday,Private car_P2_weekend & holiday,Private car_P3_weekend & holiday,Taxi_P1_weekend & holiday,Taxi_P2_weekend & holiday,Taxi_P3_weekend & holiday,Official car_P1_weekend & holiday,Official car_P2_weekend & holiday,Official car_P3_weekend & holiday,Rental car_P1_weekend & holiday,Rental car_P2_weekend & holiday,Rental car_P3_weekend & holiday,Bus_P1_weekend & holiday,Bus_P2_weekend & holiday,Bus_P3_weekend & holiday,SPV_P1_weekend & holiday,SPV_P2_weekend & holiday,SPV_P3_weekend & holiday
0,1331,2452,175,68,425,45,193,559,200,49,88,150,562,255,66,150,297,17,1518,2691,212,80,451,49,225,632,255,65,109,189,717,304,72,182,373,21
1,1325,2427,173,68,427,45,191,556,203,49,89,156,558,250,62,148,294,17,1514,2665,212,79,451,49,223,626,257,65,109,196,707,300,66,180,368,19
2,1320,2401,170,68,427,44,191,554,206,50,91,160,549,247,58,146,288,16,1511,2642,211,79,451,50,223,626,257,66,110,202,696,296,64,178,361,18
3,1315,2374,167,68,427,44,190,551,209,50,91,164,540,242,53,144,284,15,1507,2625,204,78,452,50,223,628,259,65,112,206,683,292,60,175,348,17
4,1309,2348,162,68,425,43,189,548,208,50,92,164,530,237,49,142,275,14,1500,2598,198,78,451,50,222,624,255,65,113,207,670,288,55,173,335,16
5,1304,2323,159,68,424,44,189,548,212,50,94,170,524,235,50,141,270,15,1495,2580,195,77,450,51,223,626,260,65,114,210,659,288,56,171,323,15
6,1296,2293,154,68,424,42,188,545,210,50,94,168,514,230,49,140,263,14,1486,2546,190,76,448,50,222,624,254,65,114,208,648,282,56,170,311,15
7,1288,2267,151,69,424,40,188,543,215,50,96,173,509,229,49,138,258,14,1481,2526,192,77,446,51,222,623,259,65,116,214,643,281,57,168,305,15
8,1282,2236,147,69,422,40,188,540,217,50,96,175,503,226,50,137,253,14,1475,2498,189,77,445,51,220,619,256,65,117,217,634,280,58,167,295,15
9,1275,2202,143,69,419,39,186,536,212,50,96,173,496,222,51,135,244,13,1464,2462,182,77,442,48,220,617,255,65,118,214,623,274,59,165,282,14
10,1268,2173,139,69,418,39,185,534,214,51,97,176,492,221,57,134,239,14,1455,2438,180,77,443,47,219,614,254,65,119,215,616,271,63,163,275,14
11,1260,2145,137,69,415,38,184,531,213,51,97,175,484,219,67,132,233,13,1447,2406,177,76,439,47,218,612,251,65,119,217,606,273,72,162,266,14
12,1252,2112,133,68,414,37,184,526,211,50,97,175,476,223,101,131,225,13,1441,2375,174,76,434,45,218,609,247,65,120,221,592,287,110,160,255,13
13,1242,2080,128,68,410,35,183,520,206,50,98,171,467,219,108,130,218,12,1429,2341,166,77,428,43,216,602,243,64,119,217,579,284,121,159,243,13
14,1232,2048,125,68,407,34,182,516,205,51,99,172,459,215,105,129,211,11,1423,2303,163,76,426,43,215,600,243,64,120,219,569,283,119,157,237,13
15,1224,2014,122,68,404,33,182,512,204,51,99,170,447,209,87,127,206,11,1412,2269,159,76,422,41,213,595,244,64,119,220,553,272,96,154,227,13
16,1215,1979,116,68,399,32,180,507,198,50,98,167,436,200,63,126,198,11,1401,2228,152,75,419,40,212,589,241,64,120,214,537,261,71,153,217,13
17,1206,1947,114,68,394,32,179,501,198,51,97,164,426,190,50,124,194,10,1383,2186,151,76,416,41,211,584,239,64,123,212,528,248,53,151,209,12
18,1196,1910,109,67,391,30,178,495,191,50,96,158,414,178,44,122,187,10,1373,2147,147,76,413,40,210,577,234,64,123,209,514,231,48,150,202,12
19,1185,1875,106,67,387,30,177,490,190,50,96,158,402,170,45,121,183,10,1364,2111,145,76,410,39,210,570,233,64,123,207,504,217,48,147,196,12
20,1175,1841,102,67,383,29,176,484,188,50,96,156,391,162,45,120,178,9,1354,2080,141,75,404,39,209,567,232,64,122,205,492,201,48,146,193,11
21,1164,1807,98,67,378,28,174,478,182,50,95,150,378,153,44,118,172,9,1342,2049,136,74,398,39,208,560,228,64,121,200,479,187,47,145,188,11
22,1153,1772,94,67,373,29,173,472,180,50,95,147,368,148,43,116,169,8,1332,2014,133,73,394,39,207,557,228,64,122,198,469,178,46,143,182,11
23,1145,1737,91,66,368,28,173,465,175,49,95,144,359,142,41,114,164,8,1321,1977,128,73,389,37,206,549,225,64,123,191,456,170,45,141,177,11
24,1135,1698,87,66,362,27,171,458,169,49,94,137,352,136,41,113,156,8,1310,1940,124,73,382,36,205,541,217,63,122,188,443,164,44,139,169,11
25,1124,1666,86,66,358,27,171,452,167,49,94,135,344,134,41,111,152,8,1299,1910,120,72,378,36,204,534,214,63,121,185,430,158,44,137,166,11
26,1114,1630,83,65,353,26,170,445,163,48,93,131,335,132,41,110,148,8,1287,1879,114,71,373,35,203,528,208,63,121,180,417,153,44,136,160,11
27,1102,1594,80,65,347,26,169,438,157,48,93,127,325,129,40,108,142,8,1275,1840,109,70,369,34,202,521,204,62,119,176,403,149,44,133,152,12
28,1092,1561,78,64,341,25,168,431,156,48,92,125,319,128,42,106,137,8,1264,1802,106,70,365,33,201,516,201,62,120,173,397,145,45,131,148,12
29,1081,1527,74,64,335,25,167,424,152,47,92,122,312,125,41,105,133,8,1253,1768,101,69,360,32,201,509,198,62,119,168,387,140,44,130,143,12
30,1070,1492,71,64,328,24,165,417,148,47,91,117,306,123,40,103,128,8,1242,1729,99,69,354,32,200,503,193,61,118,162,374,136,43,127,140,12
31,1061,1458,69,63,323,23,164,410,146,47,90,115,299,120,39,102,124,8,1228,1694,96,68,349,31,199,498,190,61,117,160,367,134,41,126,136,12
32,1050,1423,67,63,317,22,163,402,142,46,89,111,291,117,39,100,121,8,1216,1661,93,68,344,30,198,491,187,60,115,154,359,131,41,124,131,12
33,1038,1392,64,62,311,22,161,394,137,46,88,108,283,115,40,99,117,8,1202,1627,88,67,338,29,197,482,183,60,114,149,346,128,42,122,124,11
34,1027,1360,62,62,306,22,159,386,137,46,87,105,276,113,40,98,113,8,1190,1596,86,66,335,28,196,472,182,59,113,145,337,128,43,120,122,12
35,1016,1328,60,61,299,21,157,381,134,45,87,102,269,110,40,96,108,8,1179,1560,83,65,328,28,194,467,179,59,112,139,327,123,43,118,119,12
36,1006,1296,57,61,293,21,156,374,130,45,85,99,261,107,40,95,104,8,1166,1523,79,64,322,28,192,458,173,58,111,132,314,121,44,117,113,12
37,995,1265,56,60,287,20,155,367,129,45,85,97,251,106,39,94,101,8,1153,1495,76,64,316,28,191,454,170,58,110,128,304,119,43,115,111,13
38,983,1233,54,59,280,20,153,360,126,44,83,95,241,104,39,92,98,9,1138,1464,75,62,312,28,189,448,166,58,109,123,291,116,41,113,106,13
39,972,1202,51,58,274,19,151,354,123,43,83,91,231,101,38,91,94,8,1127,1427,73,62,306,27,187,441,161,58,108,120,281,112,41,111,101,13
40,961,1173,50,58,268,18,150,347,120,43,82,90,223,98,38,89,90,9,1115,1398,72,61,302,27,186,435,160,57,107,118,270,109,40,109,97,13
41,950,1143,49,57,263,18,149,342,117,43,81,87,215,96,39,88,87,8,1104,1366,70,60,297,26,184,427,155,57,106,116,258,106,41,107,93,13
42,937,1111,48,56,255,18,147,335,113,42,80,84,207,93,40,87,83,8,1091,1337,67,59,292,25,182,421,150,55,105,111,249,102,42,105,89,12
43,926,1083,47,56,250,17,146,328,109,42,79,83,199,91,41,85,81,8,1080,1304,65,59,286,24,181,417,149,55,103,111,240,98,44,103,87,12
44,915,1055,45,55,243,17,144,322,106,42,78,80,193,88,40,84,79,8,1068,1272,63,59,282,24,180,409,148,55,102,111,230,96,43,102,83,11
45,903,1025,44,55,236,16,142,314,101,42,76,77,185,85,39,83,75,8,1057,1241,60,58,277,23,179,401,143,55,101,104,223,92,42,100,81,10
46,893,997,43,54,231,16,141,309,101,41,75,78,181,85,39,81,73,8,1045,1209,59,57,273,22,177,395,140,55,101,103,218,91,40,98,79,10
47,882,968,42,54,225,15,140,302,99,41,73,75,177,84,38,79,71,8,1033,1180,58,56,267,22,175,388,135,55,99,102,211,90,40,95,77,9
48,869,942,42,53,220,16,138,295,96,40,72,73,173,82,37,77,70,8,1020,1153,56,56,261,22,174,382,137,54,97,101,206,86,39,93,75,8
49,857,915,40,52,214,15,137,289,92,40,71,70,166,81,38,76,67,8,1010,1121,54,56,256,22,171,376,130,53,96,99,199,85,40,91,70,7
50,847,890,40,52,208,15,135,283,91,39,70,70,164,79,38,75,66,8,1000,1094,54,55,250,22,170,370,132,53,95,99,195,82,41,90,69,7
51,835,865,39,51,203,14,134,277,89,39,69,69,159,78,39,74,64,7,989,1066,52,54,245,22,169,365,130,52,94,97,189,79,41,89,69,6
52,824,841,38,50,198,14,132,271,86,39,67,67,155,77,38,72,63,7,974,1036,50,53,241,21,167,358,125,52,92,95,184,78,41,86,66,7
53,813,817,38,49,193,14,131,265,85,38,66,67,151,77,39,71,62,8,961,1013,49,52,236,21,164,350,125,51,91,93,178,79,41,85,66,8
54,802,794,39,48,187,14,129,260,85,37,64,66,146,77,38,69,61,8,948,986,51,52,232,21,162,345,124,51,89,91,172,81,40,83,64,7
55,791,771,39,48,182,14,127,255,84,37,63,64,142,77,37,68,61,8,936,961,49,51,229,21,158,338,121,50,87,89,164,79,39,81,65,7
56,780,751,40,47,178,15,124,249,84,36,62,62,138,78,38,67,60,8,923,935,48,50,225,21,156,333,121,49,86,88,158,80,41,80,66,8
57,768,729,40,46,172,15,123,243,84,36,60,61,134,77,40,66,60,8,911,910,49,50,222,21,154,328,120,49,84,87,154,79,42,79,66,9
58,756,707,41,45,168,15,121,237,82,36,59,60,130,75,40,65,59,8,897,885,48,49,218,22,152,318,120,49,82,86,150,78,42,76,66,9
59,744,687,42,44,164,17,119,233,83,35,58,61,125,74,40,63,60,8,883,863,49,48,213,22,150,313,121,48,82,84,145,77,41,75,67,9
60,732,667,43,43,160,18,118,228,84,35,56,60,121,75,40,62,59,8,871,840,50,47,208,22,148,305,119,48,81,81,140,76,42,73,67,10
61,720,647,44,42,156,18,116,222,84,35,55,58,118,75,41,60,59,7,858,817,50,46,205,22,146,301,117,47,79,78,136,75,43,71,67,11
62,710,628,47,41,152,18,115,216,84,34,54,58,115,76,46,59,60,8,845,796,52,45,201,23,144,295,118,46,77,78,132,75,47,70,69,12
63,699,610,49,41,148,19,114,210,85,34,53,57,112,78,49,58,61,9,831,775,55,45,197,23,142,288,118,46,75,75,128,75,50,68,70,13
64,687,591,50,39,144,19,112,206,86,33,51,56,108,76,49,58,62,10,819,753,55,44,193,23,141,282,116,45,74,72,124,75,49,66,70,14
65,675,571,54,38,140,20,110,200,88,33,50,57,107,77,53,57,63,11,806,733,58,43,190,24,139,275,120,45,73,73,121,73,49,64,74,15
66,662,552,58,38,136,21,108,196,89,33,49,58,103,76,57,56,65,12,793,710,61,42,184,25,137,269,120,44,71,71,117,70,51,63,76,16
67,651,534,59,38,131,21,106,191,87,32,47,57,100,74,60,54,66,12,780,687,64,41,178,25,135,265,119,44,70,69,112,68,51,61,78,17
68,640,514,64,37,128,23,104,185,89,32,46,57,99,73,63,52,69,14,769,664,68,40,175,26,133,258,119,44,68,70,107,68,50,60,81,17
69,627,497,68,36,123,24,102,181,90,31,45,57,97,71,66,51,70,14,757,645,70,40,170,27,132,251,119,43,66,71,104,68,51,58,83,17
70,614,479,71,35,118,24,100,174,90,31,44,56,95,70,66,50,71,14,746,622,73,39,164,28,130,246,118,43,66,71,101,67,55,57,84,17
71,601,463,75,35,114,25,99,170,92,30,43,56,92,71,69,50,74,15,733,603,78,38,161,29,128,241,120,42,65,72,99,68,60,58,87,18
72,589,448,79,34,109,26,97,165,93,30,42,56,90,70,77,50,75,15,717,585,84,37,157,30,126,235,120,41,63,71,97,68,66,57,88,19
73,575,434,80,33,104,26,95,160,92,29,41,54,88,69,81,50,76,15,703,565,87,36,153,31,124,228,118,41,61,70,93,68,70,57,90,18
74,563,421,85,32,100,26,94,156,92,28,40,54,86,69,97,49,80,15,688,548,90,36,149,33,122,221,120,40,61,69,91,68,82,57,93,19
75,551,409,87,32,96,26,92,151,92,27,39,52,84,69,105,48,81,15,673,532,94,34,145,33,120,216,116,40,60,69,88,66,85,55,93,18
76,536,396,88,31,93,25,90,147,90,27,37,52,82,67,109,47,80,15,658,519,96,33,141,33,118,211,113,39,58,70,85,64,91,54,94,19
77,523,385,92,30,88,24,88,142,88,26,36,51,80,68,125,47,83,15,645,503,100,31,137,33,116,206,114,39,56,71,83,65,103,54,92,19
78,508,376,93,29,84,23,86,139,87,26,35,49,78,70,136,46,83,15,628,490,105,30,135,32,114,202,114,38,54,72,81,64,110,53,92,19
79,493,364,93,28,82,21,84,134,84,26,34,47,76,67,132,46,83,14,611,477,107,29,131,30,111,198,112,37,53,71,79,63,109,53,93,17
80,481,358,96,27,79,21,83,130,83,25,33,46,75,70,144,46,85,14,595,465,112,29,127,29,109,193,113,36,51,72,79,68,130,54,95,17
81,467,352,96,26,76,20,81,128,82,24,31,44,75,74,159,46,87,15,580,450,112,28,124,28,106,187,113,36,50,70,79,69,140,55,97,16
82,453,348,95,25,73,19,78,125,80,23,30,42,75,75,154,45,88,15,564,435,109,28,119,26,104,182,109,35,48,68,79,71,147,54,97,16
83,445,349,94,25,70,19,76,124,77,23,30,41,78,75,183,46,91,14,552,424,110,27,115,26,101,178,107,34,47,67,79,74,164,53,100,15
84,433,348,92,23,67,18,75,121,75,22,29,38,78,75,196,46,93,14,536,413,108,26,112,25,99,174,105,34,46,64,80,78,176,53,102,15
85,423,350,87,22,64,16,74,119,72,22,28,35,79,75,196,45,94,13,525,401,98,26,109,22,98,169,101,32,43,60,82,83,178,53,105,13
86,417,361,90,21,62,16,73,119,71,21,28,34,82,80,206,45,98,14,512,396,98,24,106,22,97,168,99,32,43,57,87,94,195,54,111,15
87,409,370,92,20,60,16,71,118,70,21,27,32,84,89,211,45,103,14,501,386,93,24,102,20,94,163,97,31,42,56,91,103,200,53,118,15
88,401,376,94,19,58,16,70,115,70,20,27,31,86,94,204,46,106,14,487,375,89,23,97,20,92,159,93,30,41,53,94,108,197,53,126,15
89,402,402,99,19,56,16,70,117,71,20,27,30,91,103,218,45,112,14,479,373,91,22,94,20,90,157,94,29,40,51,98,119,214,54,137,17
90,404,424,105,18,54,16,70,118,71,19,26,29,94,109,223,45,117,14,469,369,94,22,91,19,88,153,92,29,39,49,100,128,221,54,149,17
91,400,441,108,17,52,17,70,118,70,19,26,29,95,113,216,45,121,14,455,365,94,21,89,20,86,150,91,28,38,45,101,130,225,53,159,16
92,409,478,118,17,50,17,71,122,73,19,26,27,100,123,225,45,132,15,445,367,94,19,87,19,85,149,93,27,37,42,109,140,240,54,177,16
93,415,508,127,16,50,18,72,126,74,18,25,26,103,131,223,44,141,15,436,368,96,19,84,18,84,147,93,27,37,42,112,149,246,55,191,16
94,420,531,131,16,49,18,72,129,75,18,25,26,106,137,213,44,146,15,429,365,97,18,82,18,83,146,92,26,36,41,115,149,230,55,203,16
95,436,573,145,16,48,20,75,134,78,18,25,26,112,149,223,45,157,15,426,371,103,17,80,19,83,146,94,26,36,43,125,157,248,56,221,16
96,445,602,151,15,46,20,76,138,78,18,24,26,118,150,222,45,162,15,421,370,104,17,77,20,80,143,93,25,33,42,124,158,239,55,233,17
97,466,648,166,15,46,20,77,145,81,19,25,26,129,165,243,45,171,15,420,379,109,16,75,21,78,145,95,25,33,43,133,166,253,57,250,18
98,482,686,176,14,45,21,79,152,84,19,26,26,137,176,250,45,181,15,416,386,115,16,73,20,78,143,95,25,33,42,136,172,255,55,268,18
99,491,708,180,14,44,21,79,156,85,19,25,26,142,183,244,44,186,14,413,391,116,16,70,20,76,144,93,24,32,40,140,173,246,55,277,18
100,510,751,191,14,42,22,82,164,90,19,26,26,153,202,265,45,198,14,416,405,125,16,69,22,77,145,95,24,30,40,145,183,265,55,295,17
101,527,782,199,14,41,22,84,171,92,20,26,26,164,209,268,45,208,14,415,413,132,15,66,22,77,146,96,24,30,39,149,185,261,54,309,18
102,537,804,201,13,40,23,85,174,92,20,26,27,170,214,260,45,215,14,414,420,134,15,64,22,75,145,97,24,29,40,149,179,253,54,320,18
103,558,841,209,13,40,24,87,182,96,22,27,28,183,226,284,45,229,14,422,438,143,15,63,23,74,148,99,23,30,41,156,182,269,54,337,18
104,572,868,214,13,38,24,88,188,97,22,28,28,191,236,291,45,237,13,424,447,148,15,61,23,73,148,101,23,30,42,157,181,264,53,351,18
105,581,886,216,13,37,24,89,191,97,21,28,28,192,239,283,44,240,14,422,459,150,15,60,24,72,147,101,23,29,42,154,181,255,53,354,18
106,595,915,222,12,37,26,90,198,100,21,28,29,201,255,305,44,250,14,427,473,159,15,59,24,72,147,104,23,30,44,162,189,266,53,368,18
107,607,935,227,12,36,26,92,203,102,22,29,30,209,262,312,44,257,14,428,482,165,14,57,24,73,147,106,23,29,45,163,191,270,52,375,19
108,611,946,225,12,36,26,93,205,102,23,29,29,212,264,296,44,257,15,426,490,166,14,55,26,72,147,105,23,29,45,157,185,260,52,378,18
109,622,966,229,12,36,26,95,210,107,23,29,31,221,281,323,44,268,15,433,509,173,14,55,28,73,149,110,22,30,47,160,193,268,50,388,19
110,627,979,229,12,35,27,97,212,109,24,30,32,226,288,330,44,276,15,435,520,180,14,54,29,73,150,111,23,30,48,160,199,268,50,393,18
111,629,985,225,12,34,26,97,212,110,24,30,32,228,286,320,44,278,14,433,528,181,13,53,29,74,150,111,23,30,47,159,195,257,50,389,18
112,634,998,227,12,34,28,98,215,112,24,30,33,235,299,343,44,286,14,437,548,189,13,52,31,74,156,116,23,31,47,164,200,270,52,399,18
113,639,1005,224,12,33,28,99,218,114,24,31,34,235,304,350,44,290,14,439,562,196,13,52,30,74,156,117,22,31,48,163,201,267,53,398,17
114,640,1005,219,11,33,28,99,218,113,24,31,35,235,302,337,43,290,14,440,569,198,13,51,31,74,156,118,22,31,49,159,201,253,52,392,16
115,645,1011,219,11,33,29,100,221,116,24,31,37,242,311,357,44,299,14,443,587,203,13,52,30,74,159,122,22,30,50,160,208,269,52,398,16
116,646,1015,215,11,33,30,101,223,118,24,31,38,241,306,361,44,303,14,444,594,204,13,51,30,75,159,123,22,31,51,159,210,263,52,398,17
117,647,1014,209,11,33,30,101,223,116,24,31,38,238,298,343,44,302,14,439,603,199,12,50,29,76,158,122,22,31,51,158,202,249,51,391,16
118,651,1020,206,11,33,30,102,226,119,24,31,40,240,300,355,44,307,15,446,619,203,12,51,29,76,162,127,22,31,51,158,206,257,52,393,16
119,653,1021,200,11,33,30,102,227,119,24,31,42,240,299,353,44,311,14,446,628,203,12,50,29,77,161,126,21,31,53,156,206,258,53,390,15
120,651,1017,191,11,33,28,102,226,117,24,31,41,236,286,338,44,307,14,446,631,195,12,50,28,78,162,121,21,30,54,154,200,248,53,382,15
121,653,1018,186,11,33,27,103,229,119,24,31,43,240,284,351,45,314,14,449,647,195,12,49,27,79,163,123,21,30,56,158,202,257,54,385,15
122,654,1015,180,11,34,28,104,230,119,24,31,43,241,278,349,44,315,14,451,661,194,12,48,26,81,165,123,21,31,55,159,201,262,54,380,14
123,653,1010,174,11,34,28,103,229,116,23,31,42,237,270,330,44,312,13,453,667,191,12,47,25,82,165,120,21,31,56,157,196,251,54,371,13
124,655,1012,175,11,35,28,104,230,119,23,31,45,237,272,344,44,314,13,459,687,190,13,48,24,81,168,127,21,31,58,160,206,267,56,366,13
125,655,1009,171,11,36,28,104,231,118,23,31,46,237,266,341,45,313,12,465,697,191,13,49,25,82,168,129,22,31,57,159,205,265,56,365,13
126,655,1003,165,11,36,28,104,231,117,23,30,46,233,257,324,45,306,12,466,700,189,14,49,24,82,167,127,22,32,56,160,201,247,56,351,12
127,657,1003,165,12,37,29,105,234,119,22,30,49,235,261,338,46,313,12,471,716,195,14,51,25,82,169,128,22,31,57,168,206,265,57,351,11
128,657,1000,165,12,38,29,105,236,121,23,31,50,234,257,329,47,311,12,476,729,195,13,51,25,83,168,126,22,31,58,168,210,266,58,346,12
129,655,994,162,12,39,29,104,236,119,23,31,52,230,251,309,47,307,12,475,735,193,13,51,25,82,168,124,22,32,57,166,202,250,57,337,12
130,657,995,163,12,41,31,105,238,124,22,31,56,236,252,314,47,308,12,477,750,195,13,54,24,83,171,125,22,33,60,169,205,262,59,336,12
131,658,991,163,12,43,32,105,239,127,22,31,58,233,250,309,48,306,12,480,761,193,13,55,23,84,174,127,22,33,60,170,205,261,60,329,11
132,656,984,160,12,44,32,105,240,127,22,31,59,230,247,293,48,300,12,483,766,193,13,55,24,84,173,126,22,32,59,168,199,254,60,319,12
133,657,983,160,13,47,33,105,243,130,22,32,63,233,254,307,50,302,13,488,785,197,14,57,24,85,180,127,23,33,63,170,205,268,61,322,11
134,655,978,161,13,50,33,106,246,133,22,32,64,233,255,301,51,297,13,493,792,199,15,58,23,86,181,126,22,32,63,172,207,266,61,315,10
135,653,971,160,13,52,33,106,245,132,22,32,65,232,250,290,51,289,13,494,798,197,15,58,24,86,181,127,22,32,63,172,205,253,61,302,10
136,654,971,164,13,55,34,107,249,138,23,32,69,235,258,295,52,286,13,499,815,201,15,60,26,87,186,126,23,32,66,181,212,271,63,298,10
137,652,968,166,14,58,36,106,251,139,23,33,72,235,257,288,53,281,13,501,822,198,15,61,25,86,187,126,23,32,69,181,217,274,64,294,10
138,649,961,165,14,60,35,106,251,138,23,33,70,231,248,272,54,271,13,502,827,195,15,61,25,87,190,126,23,33,69,178,216,263,65,284,10
139,649,959,170,15,64,36,106,253,144,24,34,74,234,251,275,55,271,13,508,843,196,16,65,25,86,193,131,24,33,70,184,225,265,66,282,11
140,647,955,173,15,68,36,107,255,145,24,34,74,233,248,275,56,266,13,510,851,199,17,67,26,86,195,131,23,33,73,185,226,266,67,274,11
141,645,949,174,15,70,35,106,256,142,23,35,74,230,242,254,57,258,13,514,856,194,17,68,26,86,195,128,23,34,73,183,219,256,68,261,11
142,645,950,179,17,74,36,107,259,147,24,36,76,233,243,261,57,256,13,518,876,195,17,71,25,88,195,132,23,34,76,189,226,270,69,257,13
143,645,951,183,17,77,37,107,260,149,24,36,77,231,242,262,58,250,13,522,889,195,17,75,27,89,197,131,23,34,78,186,228,269,69,252,12
144,640,944,184,18,79,36,106,260,147,23,36,75,227,236,248,58,241,12,523,894,192,18,77,27,90,198,131,23,34,76,184,222,259,70,243,13
145,640,946,193,19,82,38,107,262,151,24,37,77,230,240,264,58,242,13,529,910,196,18,81,28,90,200,135,24,35,75,189,230,272,71,247,13
146,637,947,199,20,85,39,107,263,151,23,37,78,228,239,267,59,238,14,534,919,195,19,82,28,90,202,137,24,35,77,190,230,268,72,242,13
147,634,944,199,20,86,38,107,262,149,23,37,77,224,232,252,59,232,13,534,924,192,19,82,28,90,204,136,24,36,77,189,226,258,72,234,13
148,634,947,207,21,89,40,107,265,152,23,37,78,225,236,261,59,231,14,537,939,197,19,84,29,90,207,139,24,35,81,192,228,263,73,233,15
149,636,947,212,21,91,40,107,265,153,24,38,79,222,234,263,60,226,15,539,946,195,19,85,28,91,208,139,23,34,79,192,228,259,73,231,15
150,632,942,210,21,91,39,107,263,153,23,38,78,218,227,245,59,218,15,543,951,194,19,86,29,91,210,138,24,34,77,191,220,242,72,225,15
151,632,945,213,21,93,40,107,264,156,23,38,79,219,228,253,60,218,16,547,972,194,19,89,30,92,212,141,24,34,79,188,225,260,73,226,16
152,631,942,213,21,94,40,106,263,156,23,39,78,218,226,250,61,213,17,551,980,195,19,90,30,92,215,141,24,35,79,188,217,262,73,228,15
153,628,936,210,21,94,39,106,262,154,23,39,76,213,219,231,61,207,16,555,984,195,20,90,29,91,212,139,24,35,79,184,206,253,73,222,15
154,627,934,211,21,95,40,105,260,156,23,39,76,213,217,241,62,207,16,560,992,201,20,91,30,92,215,144,25,36,77,186,208,265,74,222,15
155,623,929,209,21,95,40,106,258,155,22,39,77,212,216,240,61,206,16,562,998,198,20,91,30,92,216,143,25,36,77,183,207,263,75,222,15
156,620,921,203,21,95,40,105,255,151,22,39,75,208,211,230,61,199,16,560,999,193,20,92,29,93,214,138,25,36,77,180,202,244,75,218,15
157,619,920,202,21,95,42,104,255,150,22,39,75,209,215,236,61,200,16,564,1009,197,20,92,30,94,217,140,25,35,79,186,206,259,75,226,16
158,616,912,200,21,95,41,103,251,149,22,39,74,207,214,234,60,201,16,566,1015,200,19,92,30,92,219,138,24,36,80,184,208,254,75,226,16
159,613,901,196,20,95,40,103,247,146,22,39,73,205,209,222,59,197,15,565,1012,199,19,91,30,92,217,135,24,36,81,184,203,236,74,226,15
160,613,895,194,20,95,40,102,245,146,22,39,73,204,210,231,60,199,15,566,1021,203,19,91,31,91,216,139,24,35,81,188,208,251,75,232,15
161,609,888,191,20,94,40,101,243,145,22,39,73,202,208,226,60,198,15,566,1023,204,19,91,31,91,215,139,23,36,82,183,205,243,75,231,15
162,606,879,185,19,93,39,100,240,142,21,38,70,200,202,215,59,194,14,569,1020,201,19,90,30,90,210,137,23,36,79,178,195,230,74,229,14
163,604,874,185,19,93,39,100,239,143,21,39,71,201,203,222,59,197,14,574,1029,205,18,90,30,91,211,140,22,36,80,177,198,239,75,232,15
164,602,866,181,18,92,39,100,239,143,21,39,69,197,200,224,59,197,14,577,1029,208,18,90,31,92,212,140,22,36,77,177,196,234,74,232,15
165,597,856,174,18,90,38,98,236,137,21,39,67,193,194,213,59,196,13,575,1020,204,18,88,30,90,211,136,22,35,76,172,190,226,73,232,15
166,594,850,176,17,90,38,98,234,138,21,39,68,194,197,221,59,198,12,576,1024,209,17,87,31,90,211,136,22,35,75,170,195,241,73,234,15
167,591,844,173,17,88,38,97,230,137,21,38,68,190,194,219,58,196,12,576,1024,210,16,85,31,90,210,139,22,36,74,167,191,241,74,229,14
168,587,833,170,16,88,38,97,226,135,20,37,67,186,188,213,57,192,12,578,1017,207,16,83,30,90,208,138,22,35,74,164,183,228,76,226,13
169,585,829,172,16,87,38,97,224,138,21,37,68,187,194,219,58,193,12,581,1022,211,16,83,32,91,209,143,22,34,76,167,185,236,78,227,14
170,582,821,172,15,86,37,96,221,138,21,37,69,183,193,225,58,192,13,582,1023,209,16,83,33,92,209,143,23,34,74,163,181,230,78,222,13
171,577,809,169,15,84,37,95,219,135,20,36,67,179,188,218,58,190,13,579,1017,205,16,81,34,91,205,138,23,35,75,161,177,223,79,215,13
172,574,804,170,15,83,38,95,219,136,20,36,70,178,192,222,60,190,13,579,1023,212,15,80,35,92,205,142,23,35,76,162,180,231,81,214,13
173,570,799,170,15,82,39,94,217,135,20,36,70,174,193,220,60,186,13,579,1026,212,15,80,34,93,206,144,23,35,76,161,178,231,81,213,13
174,565,787,166,14,79,39,93,213,134,20,36,69,170,185,207,59,182,13,578,1020,214,15,79,34,93,206,141,23,35,73,157,174,214,82,207,13
175,563,782,168,14,77,40,93,214,137,20,36,69,169,187,217,59,181,13,581,1028,217,14,79,34,94,210,146,23,35,77,162,177,217,85,209,13
176,558,776,169,13,76,40,93,214,137,20,36,70,169,184,219,60,178,13,580,1034,215,14,77,35,94,210,147,23,34,78,162,181,222,86,203,12
177,552,764,167,13,74,40,91,211,137,20,35,69,166,180,209,60,174,13,580,1027,214,14,78,36,94,208,145,23,33,78,160,175,212,88,195,11
178,547,759,174,13,74,44,92,212,142,20,35,72,166,189,220,60,174,14,581,1031,222,14,79,40,95,210,151,24,34,82,162,180,220,91,194,11
179,543,753,181,13,73,47,92,212,149,20,35,77,171,199,221,62,176,15,581,1032,229,14,78,46,96,210,153,24,34,85,166,184,215,92,191,11
180,538,744,192,13,72,53,91,211,157,19,35,84,179,213,209,62,173,15,580,1029,236,14,78,51,96,209,159,23,34,91,174,188,204,93,188,12
181,535,742,207,13,71,59,91,213,170,20,34,93,183,220,219,63,177,17,583,1036,246,15,78,58,96,212,176,23,35,100,184,194,212,94,191,14
182,531,738,217,12,71,63,91,213,178,20,34,99,182,219,215,64,176,18,581,1037,249,14,77,61,97,211,182,23,35,108,182,192,211,95,192,16
183,526,730,222,12,70,63,90,212,183,19,33,103,178,216,209,65,175,18,580,1032,249,14,77,63,96,209,187,23,34,109,182,189,205,96,191,17
184,522,728,235,12,70,67,90,214,195,19,33,110,178,220,216,66,177,20,579,1044,259,14,78,66,96,212,194,23,35,117,181,200,217,97,197,18
185,518,721,243,12,70,70,89,215,204,19,33,114,177,221,215,68,178,21,580,1049,263,14,78,67,97,212,200,22,35,119,179,203,214,97,197,19
186,514,716,244,12,68,70,89,214,204,18,33,117,172,215,204,70,177,21,581,1052,268,14,77,66,97,213,201,22,34,120,176,201,204,98,192,19
187,511,714,253,12,67,74,89,216,212,19,33,123,170,211,217,71,182,22,585,1061,279,14,78,66,97,214,211,23,35,125,173,201,219,99,198,20
188,509,712,256,12,67,74,89,217,216,18,32,126,169,203,216,72,183,21,584,1071,282,15,78,66,97,215,216,22,35,126,171,200,217,101,197,20
189,507,708,256,12,66,73,89,217,217,18,32,127,164,195,209,73,180,21,580,1068,281,15,79,66,98,214,216,22,34,123,167,196,206,101,196,21
190,506,711,265,12,66,75,89,219,224,19,31,131,163,196,215,75,182,21,584,1084,288,16,80,68,98,213,222,22,34,129,167,198,220,102,199,21
191,504,710,267,11,65,74,90,221,228,19,31,134,159,193,224,76,182,22,584,1092,289,17,81,68,98,215,223,22,35,129,162,196,222,102,199,21
192,500,706,270,12,64,73,90,222,229,18,31,135,154,188,231,77,182,21,586,1094,289,17,82,67,98,215,224,23,35,131,156,197,221,102,200,21
193,493,699,266,12,64,71,89,223,226,18,31,132,151,180,223,76,183,21,589,1089,282,17,82,65,97,214,221,22,34,129,154,192,208,102,199,22
194,490,702,267,12,65,71,90,227,230,18,31,135,147,176,236,78,187,20,599,1101,284,17,85,64,98,217,226,23,34,130,155,190,217,102,205,22
195,486,703,268,12,66,70,90,229,229,18,31,136,144,173,241,79,186,20,603,1110,283,17,87,64,99,217,229,23,34,128,152,189,220,102,208,22
196,482,698,261,12,67,68,91,229,223,18,31,133,139,166,230,80,186,20,603,1109,279,18,88,62,98,216,225,23,34,122,148,180,211,103,209,22
197,484,707,263,12,69,68,92,232,224,18,31,134,139,167,234,82,191,21,610,1126,287,18,89,61,101,219,226,23,35,123,149,180,218,104,219,23
198,482,707,257,12,70,66,92,236,221,18,31,133,135,163,235,83,195,21,619,1131,283,18,91,61,101,223,225,23,35,124,148,176,216,105,224,23
199,477,703,248,12,70,62,92,234,215,18,31,130,132,155,227,84,197,21,620,1130,276,18,92,58,102,223,219,22,35,123,146,168,212,106,225,22
200,475,714,248,13,71,62,92,238,218,18,31,132,131,154,236,87,202,22,629,1147,278,18,93,58,104,227,221,22,34,123,144,172,226,108,232,24
201,474,719,248,13,72,61,93,243,214,18,31,130,128,151,233,89,206,23,636,1164,274,18,97,58,105,230,221,22,35,126,142,173,234,109,237,24
202,473,722,241,13,73,59,93,245,206,18,30,124,125,141,221,90,206,23,641,1168,265,19,97,55,105,232,217,22,34,123,139,166,223,111,240,25
203,475,738,241,13,75,59,95,252,208,18,30,122,123,139,239,94,210,23,652,1202,271,20,100,53,108,239,216,23,35,124,137,166,228,114,249,26
204,475,750,236,13,77,58,96,258,203,18,30,118,120,136,233,97,211,23,659,1221,267,20,103,53,109,241,215,24,36,120,131,166,231,116,253,26
205,469,754,225,14,77,55,95,259,193,18,29,111,116,129,224,99,212,23,662,1226,258,20,104,52,110,243,207,24,37,110,126,157,222,119,253,26
206,469,773,221,14,79,53,95,264,190,18,29,108,116,129,239,103,218,24,676,1258,257,22,107,53,112,250,207,23,38,112,127,158,230,123,264,26
207,473,793,216,15,81,50,95,269,185,18,28,102,113,124,241,106,223,24,686,1277,253,22,108,51,114,255,200,23,38,113,126,149,231,125,269,27
208,476,806,207,15,82,48,96,271,176,18,28,96,109,119,227,109,224,24,696,1297,245,24,111,51,114,257,191,23,38,108,123,143,220,128,273,26
209,486,839,206,16,87,46,98,280,171,18,29,94,108,119,235,112,229,24,712,1332,243,25,117,50,117,267,189,24,39,108,121,144,235,133,284,27
210,493,859,202,16,89,46,98,286,166,18,30,91,106,118,231,115,232,24,723,1352,236,26,121,49,119,274,186,24,40,105,117,144,230,136,286,27
211,494,872,194,17,90,43,99,288,159,18,29,86,103,113,222,118,234,24,730,1364,229,26,121,48,119,277,179,25,40,102,115,140,216,139,290,27
212,507,904,193,18,92,41,100,295,155,18,30,83,103,114,235,122,239,26,745,1405,229,27,125,48,122,285,178,25,41,100,114,142,237,143,298,26
213,515,928,189,18,94,39,102,299,148,19,29,79,100,110,234,125,242,26,756,1437,228,27,130,44,124,293,174,25,42,96,112,140,236,146,301,27
214,523,948,184,19,97,37,103,302,140,19,29,75,99,108,220,128,242,25,766,1450,221,28,129,42,124,297,168,25,42,92,110,132,229,149,300,27
215,536,989,181,19,99,36,106,311,134,19,30,72,99,112,226,131,249,26,786,1488,219,29,134,41,127,306,166,25,42,90,111,135,236,152,307,28
216,549,1019,176,20,102,32,106,314,128,20,31,69,97,113,228,135,251,26,801,1514,215,30,137,37,128,311,162,24,42,85,111,130,239,155,307,28
217,558,1046,168,20,104,29,107,316,121,20,31,64,96,113,224,137,250,25,809,1537,206,30,138,33,127,312,152,24,42,78,108,127,229,156,305,28
218,576,1100,169,21,107,28,109,321,118,20,32,63,95,116,240,140,255,25,828,1576,205,32,144,31,129,323,147,25,44,77,108,133,237,160,314,29
219,592,1142,169,22,109,27,110,327,115,20,32,60,97,118,247,141,257,25,841,1607,200,33,147,32,130,331,140,25,45,74,107,133,242,163,314,29
220,602,1168,165,22,110,26,110,328,110,20,32,57,97,117,236,142,255,24,853,1624,196,33,149,31,132,335,135,26,45,71,106,129,230,165,313,29
221,625,1220,167,24,112,26,112,336,110,20,32,56,100,120,253,144,259,25,875,1666,200,34,153,32,136,342,132,27,45,71,106,129,249,168,320,28
222,641,1264,168,25,115,26,114,342,107,21,33,55,101,120,257,146,258,24,889,1698,195,35,157,32,138,347,130,27,45,71,106,123,249,171,323,27
223,654,1291,166,25,118,26,117,345,104,21,33,53,101,119,248,146,257,23,896,1709,190,35,159,30,139,350,125,27,45,69,105,123,241,173,319,27
224,676,1347,168,26,122,26,119,352,103,21,34,53,103,124,269,149,261,24,913,1746,193,36,164,32,142,359,124,28,47,70,106,125,253,176,324,26
225,692,1389,170,27,126,25,122,354,101,21,34,53,103,124,276,150,262,24,929,1771,189,36,167,33,144,365,124,29,48,70,107,125,253,178,325,26
226,704,1416,167,27,128,24,124,356,99,21,35,52,103,123,268,152,258,23,941,1786,185,37,170,32,144,367,121,30,47,69,107,121,241,179,321,25
227,730,1469,170,28,132,24,127,363,100,22,36,53,103,132,292,153,262,23,961,1831,190,40,175,34,148,379,123,30,48,70,107,128,248,180,326,25
228,748,1509,171,28,135,24,131,367,100,22,36,52,105,136,298,155,260,23,977,1860,189,41,179,33,149,383,121,32,49,73,107,127,249,183,326,25
229,762,1538,167,29,137,24,132,370,99,22,37,50,106,134,291,157,258,22,984,1874,184,42,182,32,150,386,116,32,50,73,105,125,245,186,327,25
230,785,1594,174,30,141,25,135,377,100,23,38,51,109,143,310,159,259,22,1001,1906,187,43,187,33,152,397,117,32,52,77,106,130,261,189,328,25
231,803,1637,175,32,146,26,137,382,100,23,40,51,110,146,318,161,258,22,1014,1931,188,45,192,33,154,403,119,33,53,79,106,127,266,191,327,26
232,816,1665,175,32,148,27,139,385,99,24,40,51,111,145,306,162,254,22,1025,1946,189,46,194,33,155,408,117,32,54,79,105,126,258,193,324,25
233,837,1718,179,33,154,27,142,394,102,24,41,53,113,157,323,163,257,22,1046,1987,192,48,199,33,160,419,122,33,56,81,108,129,271,196,326,25
234,855,1756,180,35,158,27,145,400,102,25,42,53,115,159,317,164,256,21,1060,2014,194,48,203,33,162,430,124,34,57,82,110,129,271,197,326,25
235,870,1781,177,36,162,27,146,402,101,25,43,53,115,160,306,165,255,21,1071,2025,189,49,207,32,164,434,125,34,58,82,110,128,261,196,321,23
236,895,1831,177,37,169,28,149,411,104,25,44,55,118,166,325,167,256,21,1086,2066,194,50,213,32,166,445,130,35,60,83,113,131,272,199,322,23
237,913,1867,177,38,174,28,152,417,104,26,45,55,120,166,326,167,256,20,1102,2089,194,51,220,32,168,451,130,36,61,82,116,130,267,200,321,22
238,927,1893,174,39,180,28,153,423,103,26,45,54,120,164,310,168,254,19,1111,2101,191,51,224,31,170,457,128,36,62,83,117,124,252,200,319,22
239,951,1943,178,40,188,28,156,433,107,26,47,56,121,170,324,169,256,19,1132,2140,192,53,235,32,172,472,132,36,64,88,119,129,266,201,317,22
240,972,1984,174,41,199,28,158,444,106,27,48,56,122,170,323,170,254,18,1149,2172,191,55,248,32,174,487,133,37,65,89,122,127,269,202,315,22
241,986,2008,169,42,207,27,159,450,105,27,48,56,122,169,310,170,252,18,1161,2191,184,56,258,31,177,495,132,38,65,85,122,125,265,202,314,21
242,1007,2056,171,44,219,27,161,461,107,28,49,57,123,171,323,172,257,18,1182,2230,187,58,274,30,179,511,137,39,67,86,126,128,273,202,320,22
243,1022,2095,173,45,228,27,163,469,108,28,51,58,124,167,323,172,258,18,1201,2261,185,59,281,29,180,523,137,39,68,85,126,128,269,204,319,22
244,1033,2112,170,46,233,26,163,473,107,29,52,57,125,163,307,171,256,19,1212,2281,178,60,289,28,179,528,137,39,68,85,126,128,254,204,322,23
245,1054,2156,172,47,241,27,165,483,110,30,53,58,127,165,311,173,261,20,1230,2328,181,62,300,28,183,538,141,40,70,89,130,130,269,207,329,24
246,1068,2185,169,48,248,26,167,489,110,30,55,58,128,164,305,175,262,19,1244,2358,180,63,309,27,183,545,139,40,71,91,129,132,271,207,330,24
247,1079,2198,164,49,252,26,168,492,110,30,55,57,127,161,289,174,261,19,1252,2376,174,65,314,25,184,550,138,41,72,87,131,133,258,207,331,24
248,1098,2236,166,50,260,26,170,501,114,31,56,58,129,164,294,174,264,19,1271,2422,172,66,323,27,186,561,143,41,74,91,133,139,262,209,333,24
249,1111,2264,163,51,266,27,172,504,113,32,57,58,132,163,287,175,266,18,1287,2452,172,66,326,27,189,570,145,42,74,87,135,143,260,210,340,24
250,1120,2280,160,51,271,26,173,506,111,32,57,55,134,162,268,174,268,18,1291,2469,168,67,332,28,192,573,143,43,74,85,138,142,249,210,343,24
251,1137,2312,163,52,279,26,174,512,114,33,59,54,139,164,275,175,278,19,1310,2513,179,67,340,30,196,581,148,44,76,86,144,151,251,209,352,24
252,1150,2336,167,53,285,28,176,516,115,33,60,54,153,169,268,175,285,20,1325,2543,182,68,348,33,199,587,150,45,77,90,158,155,247,210,353,23
253,1158,2347,166,54,291,29,177,518,112,33,60,51,161,170,251,175,288,20,1336,2562,180,68,353,34,199,591,148,45,78,84,167,154,232,210,354,23
254,1172,2377,169,55,299,31,178,524,114,34,61,52,169,175,258,177,293,21,1354,2602,185,69,358,35,201,597,153,47,79,85,179,160,244,210,357,23
255,1184,2395,169,55,306,31,180,528,115,35,61,52,170,173,252,177,294,21,1370,2631,187,70,367,35,202,600,154,47,80,86,180,161,242,210,358,22
256,1190,2405,168,56,311,31,180,527,114,35,62,51,171,169,236,176,292,21,1380,2644,183,70,370,37,203,603,154,48,81,85,179,159,227,210,356,22
257,1206,2431,171,57,319,33,182,533,116,36,62,52,172,169,245,177,297,20,1394,2678,188,71,378,39,206,608,157,49,82,88,181,162,235,210,358,23
258,1218,2448,171,58,326,33,183,535,115,37,63,51,173,170,238,177,296,20,1403,2700,189,72,386,39,209,613,158,50,81,87,184,164,225,210,358,23
259,1224,2451,167,58,330,32,184,535,114,37,63,50,173,164,226,176,296,19,1411,2709,184,73,388,41,208,612,157,50,82,85,188,158,213,210,357,22
260,1234,2473,169,59,338,33,185,539,117,38,63,49,175,163,233,176,299,19,1423,2735,183,73,398,41,210,619,161,51,84,87,192,162,217,211,363,22
261,1244,2484,168,60,343,32,186,541,117,39,64,49,174,162,228,176,299,19,1434,2743,182,74,403,40,211,622,163,51,84,87,192,158,217,211,365,22
262,1250,2483,164,60,346,30,186,542,114,39,64,48,173,156,214,176,298,18,1433,2743,179,74,407,38,211,620,160,51,84,88,191,155,199,209,362,22
263,1262,2507,162,61,351,31,188,544,116,39,64,48,175,157,219,176,299,19,1445,2773,179,75,414,39,210,627,161,53,84,88,198,154,202,209,366,22
264,1270,2515,159,61,355,31,189,546,118,40,65,48,178,155,214,174,298,18,1454,2780,175,76,417,40,211,629,165,54,86,86,204,153,198,208,367,21
265,1273,2514,152,62,357,30,189,545,116,40,66,47,179,151,203,174,298,17,1457,2785,167,76,418,38,211,627,159,54,85,86,206,151,190,206,365,21
266,1280,2528,150,62,362,30,190,549,119,41,66,48,185,151,208,173,298,17,1468,2805,164,77,425,40,213,632,162,54,87,88,209,150,202,207,369,20
267,1285,2535,147,63,365,29,191,549,119,41,66,49,187,151,205,173,299,17,1475,2808,162,78,428,41,214,635,162,55,86,88,216,151,200,206,368,20
268,1285,2529,141,63,367,29,191,548,115,42,66,48,188,149,194,172,295,16,1477,2801,154,78,431,40,215,634,159,55,86,88,225,151,189,205,364,19
269,1291,2541,138,63,370,28,192,549,114,42,67,48,197,153,195,171,294,15,1490,2811,154,78,434,40,217,635,161,56,87,91,236,157,192,204,365,18
270,1295,2542,137,64,373,29,192,549,114,42,69,50,207,155,184,170,292,14,1495,2809,148,79,436,40,218,635,163,57,89,93,244,157,184,204,366,16
271,1294,2536,131,64,375,28,191,547,112,42,68,50,211,155,173,169,287,14,1494,2793,144,78,437,37,218,633,159,57,88,91,257,157,168,203,363,15
272,1298,2540,130,64,379,29,192,550,116,42,69,53,222,160,173,168,288,14,1498,2804,148,79,441,37,220,636,162,57,89,93,271,161,163,202,366,14
273,1303,2536,130,65,384,29,193,550,118,43,69,55,229,164,172,166,288,13,1501,2800,144,79,446,36,220,636,162,57,90,92,291,166,167,201,368,14
274,1303,2528,127,65,388,29,193,550,119,43,69,56,244,166,158,164,284,13,1502,2787,143,80,447,35,219,637,160,57,90,94,309,168,154,199,367,14
275,1306,2549,132,66,395,30,193,552,124,43,71,61,303,188,160,163,287,14,1507,2811,150,80,450,36,221,641,168,57,92,101,381,197,156,198,374,15
276,1309,2551,147,66,398,33,193,553,133,44,73,73,482,242,156,163,293,17,1508,2812,171,81,453,39,221,641,186,58,93,117,635,270,156,198,379,18
277,1308,2541,150,66,400,34,193,553,135,44,74,79,499,248,141,163,294,17,1507,2795,178,80,452,40,221,641,188,58,95,120,655,281,140,196,378,20
278,1310,2542,159,67,405,36,193,556,144,44,75,88,511,258,144,162,299,18,1509,2788,189,81,455,42,220,643,199,59,95,132,665,293,145,195,383,21
279,1310,2533,164,67,407,37,193,556,151,44,77,95,516,259,139,160,299,19,1510,2776,194,81,455,43,220,641,204,60,96,137,670,295,140,194,383,22
280,1308,2517,164,67,407,38,193,554,156,44,78,101,518,255,126,159,296,18,1507,2755,196,81,451,44,220,639,209,60,98,141,674,297,125,192,381,22
281,1309,2515,170,67,411,41,193,557,165,45,80,110,520,255,123,158,298,19,1505,2751,204,81,452,44,221,638,218,60,99,150,676,295,121,191,385,22
282,1308,2501,173,67,413,43,194,558,170,45,80,119,521,252,116,156,296,19,1501,2739,207,81,451,46,221,637,225,60,101,154,680,293,119,189,383,22
283,1304,2479,172,68,413,42,193,557,170,46,81,122,519,247,104,155,290,18,1495,2717,206,80,450,46,221,633,229,60,101,159,677,290,108,187,382,21
284,1302,2467,177,68,415,44,192,557,178,46,82,130,522,244,96,154,290,18,1493,2704,213,81,451,47,220,631,236,60,102,166,673,288,103,185,378,22
285,1299,2451,177,68,417,45,192,555,185,46,83,135,520,239,86,152,288,17,1488,2685,212,80,450,47,221,628,244,61,104,171,672,282,94,184,374,21
286,1295,2426,175,68,417,44,191,552,187,46,84,136,519,235,76,151,283,17,1483,2657,209,79,447,46,221,624,241,61,104,173,671,276,82,182,365,20
287,1288,2396,165,67,415,42,190,546,183,46,83,134,539,247,64,149,280,16,1474,2616,199,79,443,45,219,616,236,61,104,171,696,293,68,181,358,19
288,1331,2452,175,68,425,45,193,559,200,49,88,150,562,255,66,150,297,17,1518,2691,212,80,451,49,225,632,255,65,109,189,717,304,72,182,373,21
